id,mission,magazine,frame,in_sample,icon,icon_label,lap_var,content_lap,mean_lum,clip5_frac,clip250_frac,dark_frac,bright_frac,p50,p95,p99,featureless_frac,tilt_deg,has_horizon,black_frame,underexposed,overexposed,blurry,aimless,dud,crooked,quality
AS11-40-5844,AS11,40,5844,1,0,,85.98058262528205,122.54154059272999,133.72310965401786,7.473692602040816e-05,0.001380141900510204,0.20179468271683673,0.003990951849489796,176.0,207.0,221.0,0.33163265306122447,0.0,1,0,0,0,0,0,0,0,-1.7856056302129921
AS11-40-5845,AS11,40,5845,1,0,,4.6809032190744695,0.0,10.187853754783163,1.4947385204081632e-05,0.0,0.9989586654974489,0.0,10.0,11.0,11.0,0.9897959183673469,,0,1,0,0,0,0,1,0,-9.950296778595387
AS11-40-5846,AS11,40,5846,1,0,,111.47681383468965,193.05714947530572,123.89193538743622,3.487723214285714e-05,0.0005580357142857143,0.2766860650510204,0.005620216836734694,157.0,220.0,237.0,0.44387755102040816,-12.994616791916505,1,0,0,0,0,0,0,1,-1.29739447463756
AS11-40-5847,AS11,40,5847,1,0,,399.86667476153184,699.292446033991,88.48327885841837,4.982461734693877e-06,0.00045838647959183676,0.46474410076530615,0.0007174744897959184,50.0,203.0,217.0,0.42857142857142855,13.366930696316848,1,0,0,0,0,0,0,1,0.08504371466525176
AS11-40-5848,AS11,40,5848,1,0,,434.42783743845627,706.1971763600244,110.53841477997449,0.0,9.964923469387755e-05,0.0009317203443877551,0.0022969148596938774,105.0,224.0,233.0,0.3877551020408163,4.351077951573885,1,0,0,0,0,0,0,0,0.09559710038047355
AS11-40-5849,AS11,40,5849,1,0,,264.11439645233276,695.4972504726546,50.50555544483419,8.470184948979592e-05,0.00014947385204081633,0.7406927614795918,0.0020079320790816328,13.0,201.0,231.0,0.6224489795918368,,0,0,0,0,0,0,0,0,0.07919856359306073
AS11-40-5850,AS11,40,5850,1,1,Armstrong: first photo taken on the lunar surface,472.41636438739147,578.278623217009,95.40513392857143,0.0,0.0005231584821428571,0.0,0.0016741071428571428,96.0,173.0,185.0,0.1836734693877551,-13.781597235653626,1,0,0,0,0,0,0,1,-0.11904692693572821
AS11-40-5851,AS11,40,5851,1,0,,927.4795219129645,1442.4326280750415,106.63058035714286,0.0,6.975446428571428e-05,0.38683334661989793,0.0005779655612244898,124.0,213.0,226.0,0.35714285714285715,0.5787255656077621,1,0,0,0,0,0,0,0,0.8627008539687142
AS11-40-5852,AS11,40,5852,1,0,,454.398019919317,706.6858920440112,113.73503268494898,0.0,0.00011957908163265306,2.9894770408163265e-05,0.0008669483418367347,134.0,217.0,229.0,0.35714285714285715,22.229621091237785,1,0,0,0,0,0,0,1,0.09634015256097882
AS11-40-5853,AS11,40,5853,1,0,,250.63820454668178,477.8980781822102,116.46461953922194,0.0,0.00013950892857142856,1.992984693877551e-05,0.0014548788265306123,143.0,226.0,233.0,0.47959183673469385,-0.4373638675207325,1,0,0,0,0,0,0,0,-0.32383044298521513
AS11-40-5854,AS11,40,5854,1,0,,121.66555774869745,455.63179354131574,59.75877909757653,0.0,0.0004832987882653061,0.7616240832270408,0.011374960140306123,21.0,223.0,242.0,0.7346938775510204,,0,0,1,0,0,0,1,0,-2.375077762480032
AS11-40-5855,AS11,40,5855,1,0,,149.67837420981013,433.3252803012613,84.07669503348214,0.0,0.00021424585459183673,0.0,0.0012456154336734694,42.0,225.0,231.0,0.6581632653061225,-3.333850661536574,1,0,0,0,0,0,0,0,-0.4289929743870422
AS11-40-5856,AS11,40,5856,1,0,,281.71514091666467,560.5345134686451,96.46219806281887,0.0,0.0001096141581632653,1.992984693877551e-05,0.0006825972576530613,36.0,217.0,224.0,0.5,5.826342029555775,1,0,0,0,0,0,0,0,-0.15252081312651675
AS11-40-5857,AS11,40,5857,1,0,,375.3658375181987,656.4176497184956,107.90196010044643,0.0,8.470184948979592e-05,2.491230867346939e-05,0.0007971938775510204,41.0,217.0,227.0,0.42857142857142855,-11.650299437537667,1,0,0,0,0,0,0,1,0.017084346825788743
AS11-40-5858,AS11,40,5858,1,0,,525.4198632335374,809.9536739256889,94.22588986766581,0.0,4.982461734693877e-06,0.0004434390943877551,0.00034877232142857144,47.0,200.0,217.0,0.3520408163265306,13.033356325913843,1,0,0,0,0,0,0,1,0.2428356315045222
AS11-40-5859,AS11,40,5859,1,0,,328.10949815861244,831.3489151346802,72.24830098054846,0.0,0.00047831632653061223,4.982461734693877e-06,0.0033980389030612247,36.0,210.0,232.0,0.6071428571428571,3.3018656744350032,1,0,0,0,0,0,0,0,0.27083978007546833
AS11-40-5860,AS11,40,5860,1,0,,404.6334451382878,908.6907706121455,76.65167111766581,0.0,0.00341796875,0.0,0.009476642219387755,43.0,215.0,240.0,0.5561224489795918,12.59332995610312,1,0,0,0,0,0,0,1,0.3663854309529097
AS11-40-5861,AS11,40,5861,1,0,,395.0440107294541,1029.707718912082,69.78131975446429,0.0,7.473692602040816e-05,4.48421556122449e-05,0.0006427375637755102,31.0,208.0,225.0,0.6173469387755102,6.968256741378544,1,0,0,0,0,0,0,0,0.5006735455389992
AS11-40-5862,AS11,40,5862,1,0,,338.0366344828995,458.493803129106,42.13341039540816,0.0,0.0001793686224489796,0.2914341517857143,0.00045838647959183676,28.0,104.0,156.0,0.2653061224489796,0.0,1,0,0,0,0,0,0,0,-0.3683520875469815
AS11-40-5863,AS11,40,5863,1,0,,310.08873494728465,493.19042184075676,55.82815489477041,0.0,0.00011957908163265306,0.10728734853316327,0.0005231584821428571,40.0,141.0,168.0,0.37244897959183676,,0,0,0,0,0,0,0,0,-0.28999901093044417
AS11-40-5864,AS11,40,5864,1,0,,496.6683239406569,570.8319425894398,81.69873046875,0.0,0.0009915098852040817,0.06586316167091837,0.003213687818877551,60.0,180.0,207.0,0.1326530612244898,-7.125016348901798,1,0,0,0,0,0,0,0,-0.13296811272568707
AS11-40-5865,AS11,40,5865,1,0,,603.5557626940121,603.5557626940121,136.40079918686226,0.00038863201530612245,0.0008071588010204082,0.002062739158163265,0.0031190210459183672,143.0,183.0,199.0,0.0,-6.14662565964667,1,0,0,0,0,0,0,0,-0.0730946772188127
AS11-40-5866,AS11,40,5866,1,0,,482.4382221503141,766.7274097893588,57.106664540816325,0.0,3.487723214285714e-05,0.06127431441326531,0.0002242107780612245,32.0,163.0,193.0,0.37244897959183676,,0,0,0,0,0,0,0,0,0.18392659342074755
AS11-40-5867,AS11,40,5867,1,0,,486.1721771383772,787.060267893508,73.70952746332908,0.0,0.00022919323979591838,0.004264987244897959,0.002780213647959184,35.0,208.0,227.0,0.3826530612244898,,0,0,0,0,0,0,0,0,0.21203917886131196
AS11-40-5868,AS11,40,5868,1,0,,502.09801943229667,785.8948830956421,79.7310566804847,0.0,0.00034877232142857144,0.12862224968112246,0.0036870216836734694,45.0,216.0,232.0,0.3622448979591837,-10.72885929801005,1,0,0,0,0,0,0,1,0.210447621382681
AS11-40-5869,AS11,40,5869,1,0,,539.4396535633306,886.884993576665,72.69360849808673,0.0,0.0004185267857142857,0.0016043526785714285,0.002889827806122449,31.0,215.0,231.0,0.39285714285714285,-7.740341158837922,1,0,0,0,0,0,0,0,0.34029637145319885
AS11-40-5870,AS11,40,5870,1,0,,634.9974582000655,782.3418673194336,109.62906568877551,0.0,3.985969387755102e-05,0.0017139668367346938,0.00042849170918367346,128.0,197.0,218.0,0.18877551020408162,-3.6913859864512757,1,0,0,0,0,0,0,0,0.205580686993949
AS11-40-5871,AS11,40,5871,1,0,,144.54724359033207,258.4544824372738,48.77459841358419,0.0,0.0007672991071428571,0.4301259566326531,0.0015694754464285715,25.0,147.0,173.0,0.44387755102040816,,0,0,0,0,0,0,0,0,-0.9840476441363013
AS11-40-5872,AS11,40,5872,1,0,,606.1125584621818,698.3499820352838,73.22420579559949,0.0,0.00012456154336734694,0.14707728794642858,0.0005779655612244898,71.0,139.0,158.0,0.1326530612244898,6.301608735234843,1,0,0,0,0,0,0,0,0.08359514962749857
AS11-40-5873,AS11,40,5873,1,0,,560.2630752744599,630.0054271081303,81.98430524553571,9.964923469387754e-06,0.0001992984693877551,0.13385383450255103,0.0008071588010204082,84.0,146.0,164.0,0.11224489795918367,2.2906100426385296,1,0,0,0,0,0,0,0,-0.02702711011983356
AS11-40-5874,AS11,40,5874,1,0,,479.1525092416632,679.7035091715034,61.68182497608419,0.0,0.0005829480229591837,0.2888930963010204,0.0025261080994897957,53.0,125.0,197.0,0.29591836734693877,2.573359463176823,1,0,0,0,0,0,0,0,0.05452639913029656
AS11-40-5875,AS11,40,5875,1,1,Aldrin salutes the U.S. flag,469.25652087583785,655.6627373761547,58.875224210778065,0.0,0.0005929129464285714,0.3828224649234694,0.0027851961096938774,51.0,121.0,194.0,0.2857142857142857,9.713251024940284,1,0,0,0,0,0,0,0,0.015848384110859755
AS11-40-5876,AS11,40,5876,1,0,,580.2584526656767,580.2584526656767,152.60145288584184,0.00021424585459183673,0.0006875797193877551,0.012999242665816327,0.0015644929846938774,160.0,205.0,218.0,0.0,2.783020753856615,1,0,0,0,0,0,0,0,-0.11537590055539236
AS11-40-5877,AS11,40,5877,1,1,"Aldrin's bootprint (soil-mechanics pair, 1st)",1114.268139448701,1114.268139448701,148.03258031728316,9.964923469387754e-06,0.0006676498724489796,0.029645647321428572,0.002685546875,158.0,203.0,220.0,0.0,0.0,1,0,0,0,0,0,0,0,0.5854434764637956
AS11-40-5878,AS11,40,5878,1,1,"Aldrin's bootprint (soil-mechanics pair, 2nd)",1021.9291947509586,1021.9291947509586,145.32731784119898,4.48421556122449e-05,0.0003587372448979592,0.029266980229591837,0.0017388791454081632,155.0,201.0,218.0,0.0,4.950272234291744,1,0,0,0,0,0,0,0,0.4925289781481916
AS11-40-5879,AS11,40,5879,1,0,,475.97324663693587,493.45649131404764,139.9349988042092,0.0,0.0009267378826530613,0.07188197544642858,0.002396564094387755,157.0,194.0,216.0,0.03571428571428571,,0,0,0,0,0,0,0,0,-0.28941971225093466
AS11-40-5880,AS11,40,5880,1,0,,449.93725547478726,521.6499182302525,88.28396045918367,9.964923469387754e-06,0.0017687739158163266,0.1693488919005102,0.006362603635204082,98.0,160.0,234.0,0.1377551020408163,0.0,1,0,0,0,0,0,0,0,-0.2297413021694304
AS11-40-5881,AS11,40,5881,1,0,,620.1884246491879,845.6951576749925,118.22743443080357,2.9894770408163265e-05,2.9894770408163265e-05,0.26206253985969385,0.00045838647959183676,133.0,214.0,221.0,0.27040816326530615,10.591527747971378,1,0,0,0,0,0,0,1,0.28921673400178916
AS11-40-5882,AS11,40,5882,1,0,,223.55127368532882,429.2070988965565,97.5279615752551,0.0003089126275510204,0.00045340401785714287,0.4262844786352041,0.00588428730867347,122.0,212.0,236.0,0.4846938775510204,-6.254032743916468,1,0,0,0,0,0,0,0,-0.439249555185481
AS11-40-5883,AS11,40,5883,1,0,,240.13237522024258,503.67563501288123,98.27079181281887,0.0,0.0003736846301020408,0.00010463169642857142,0.0010762117346938774,30.0,216.0,223.0,0.5255102040816326,-3.772283609379837,1,0,0,0,0,0,0,0,-0.2674033155195285
AS11-40-5884,AS11,40,5884,1,0,,400.5652852806883,800.6960019901462,96.23195850605867,0.0,6.477200255102041e-05,2.9894770408163265e-05,0.0004982461734693878,30.0,210.0,220.0,0.5,-1.5174141250121362,1,0,0,0,0,0,0,0,0.23048825419838326
AS11-40-5885,AS11,40,5885,1,0,,517.9000921196761,1045.9751545656422,68.76995475924745,0.0,4.982461734693877e-06,0.00027901785714285713,0.0003089126275510204,28.0,166.0,185.0,0.5051020408163265,-10.548065418142127,1,0,0,0,0,0,0,1,0.517509441255191
AS11-40-5886,AS11,40,5886,1,0,,250.36854787269564,626.9496829616326,48.74271564094388,0.0,4.982461734693877e-06,0.3379703443877551,0.00021424585459183673,28.0,134.0,164.0,0.6020408163265306,-19.508508986808124,1,0,0,0,0,0,0,1,-0.032249476246045204
AS11-40-5887,AS11,40,5887,1,0,,492.06303289757324,497.10440621184466,111.57502092633929,0.0005530532525510204,0.0003089126275510204,0.0037318638392857145,0.0007174744897959184,118.0,163.0,175.0,0.01020408163265306,-1.2060487792199577,1,0,0,0,0,0,0,0,-0.2815086514763758
AS11-40-5888,AS11,40,5888,1,0,,1261.6536095779868,1314.8357927193463,140.09612663424744,0.0,3.985969387755102e-05,0.029002909757653062,0.0005580357142857143,151.0,215.0,228.0,0.04081632653061224,10.587321318237134,1,0,0,0,0,0,0,1,0.7632197948089928
AS11-40-5889,AS11,40,5889,1,0,,1004.7527483572865,1286.7986418603755,117.29696966677295,0.0,1.992984693877551e-05,3.985969387755102e-05,0.00023417570153061223,132.0,210.0,223.0,0.2193877551020408,6.0724564072077,1,0,0,0,0,0,0,0,0.7400685866709518
AS11-40-5890,AS11,40,5890,1,0,,1033.2106989562785,1233.1458196413082,123.0673529177296,0.0,8.470184948979592e-05,0.0002939652423469388,0.0005480707908163265,144.0,207.0,225.0,0.16326530612244897,-4.398705354995532,1,0,0,0,0,0,0,0,0.6943243400683191
AS11-40-5891,AS11,40,5891,1,0,,676.8908519635395,941.8141066179469,128.774169921875,0.0,9.964923469387755e-05,0.0017737563775510204,0.0007623166454081633,158.0,217.0,225.0,0.2857142857142857,9.381510160748238,1,0,0,0,0,0,0,0,0.40484101966006203
AS11-40-5892,AS11,40,5892,1,0,,435.1236667208054,458.0414924395541,63.90942881058673,0.0,0.0003537547831632653,0.0901676100127551,0.001016422193877551,63.0,113.0,189.0,0.05102040816326531,-8.66738717995549,1,0,0,0,0,0,0,0,-0.36941221219566006
AS11-40-5893,AS11,40,5893,1,0,,146.28306241454507,299.53824935471005,34.230877311862244,0.0,0.00023417570153061223,0.6284777582908163,0.0007623166454081633,23.0,107.0,161.0,0.5204081632653061,18.958183405106194,1,0,0,0,0,0,0,1,-0.8255956966585343
AS11-40-5894,AS11,40,5894,1,0,,213.45966729833304,380.4577595585822,62.88666394292092,0.0,2.491230867346939e-05,0.0,0.00026407047193877553,55.0,110.0,186.0,0.4489795918367347,-17.604633336664,1,0,0,0,0,0,0,1,-0.5687461371288384
AS11-40-5895,AS11,40,5895,1,0,,419.3893504140775,1184.6742550295658,53.46410634566327,0.0,1.4947385204081632e-05,4.48421556122449e-05,0.00023915816326530612,35.0,170.0,205.0,0.6479591836734694,0.0,1,0,0,0,0,0,0,0,0.6512527910230742
AS11-40-5896,AS11,40,5896,1,0,,390.84085523898483,1312.8871025531669,52.52226662149235,0.0,3.985969387755102e-05,0.0,0.00048828125,43.0,131.0,192.0,0.7040816326530612,5.440332031005506,1,0,0,0,0,0,0,0,0.7616267332882117
AS11-40-5897,AS11,40,5897,1,0,,299.02669163017856,331.4936109248025,63.96738978794643,0.0,0.002884845344387755,0.0010413345025510204,0.009107940051020409,38.0,197.0,239.0,0.10204081632653061,0.0,1,0,0,0,0,0,0,0,-0.7167194010983771
AS11-40-5898,AS11,40,5898,1,0,,311.3879092068088,350.8555569509654,62.591876594387756,0.0,0.0021723533163265306,0.0017040019132653062,0.007264429209183673,37.0,195.0,236.0,0.11734693877551021,-2.539680450340699,1,0,0,0,0,0,0,0,-0.6557477187058498
AS11-40-5899,AS11,40,5899,1,0,,305.2498568304873,319.516209512522,69.90817821269133,4.982461734693877e-06,0.0020129145408163264,0.12098911830357142,0.004977479272959184,45.0,198.0,231.0,0.04591836734693878,-0.5070290609147756,1,0,0,0,0,0,0,0,-0.7562463519391265
AS11-40-5900,AS11,40,5900,1,0,,274.44629956086146,364.170971468722,48.699442960778065,0.0,0.0026656170280612247,0.00027901785714285713,0.004683514030612245,33.0,138.0,223.0,0.25,-6.048506661000621,1,0,0,0,0,0,0,0,-0.6157392448007605
AS11-40-5901,AS11,40,5901,1,0,,338.86044329625776,424.8894195316812,60.28255540497449,0.0,0.00029894770408163266,0.2746631855867347,0.0008221061862244898,37.0,145.0,173.0,0.20408163265306123,,0,0,0,0,0,0,0,0,-0.45010921887054944
AS11-40-5902,AS11,40,5902,1,0,,595.2242708503084,719.3798257634146,70.63581194196429,0.0,2.491230867346939e-05,0.3240443638392857,0.0003637197066326531,64.0,158.0,181.0,0.17346938775510204,-4.59425333126639,1,0,0,0,0,0,0,0,0.1154623323420124
AS11-40-5903,AS11,40,5903,1,1,Aldrin portrait ('the visor shot'),478.1256193384832,501.0853103007821,90.3272480867347,9.964923469387754e-06,0.00029894770408163266,0.12357003348214286,0.0014399314413265306,97.0,160.0,187.0,0.04591836734693878,-15.446316367692557,1,0,0,0,0,0,0,1,-0.2729414266301962
AS11-40-5904,AS11,40,5904,1,0,,174.76238305347255,251.8882525471755,168.3123156489158,0.0002242107780612245,0.0006875797193877551,0.010039660395408163,0.0010861766581632653,179.0,214.0,220.0,0.3163265306122449,0.0,1,0,0,1,0,0,1,0,-3.0116882369362683
AS11-40-5905,AS11,40,5905,1,0,,335.67341969619935,431.12375007701877,91.7414849728954,0.0,0.000284000318877551,0.005012356505102041,0.0012456154336734694,110.0,150.0,158.0,0.22448979591836735,,0,0,0,0,0,0,0,0,-0.4344638323452492
AS11-40-5906,AS11,40,5906,1,0,,287.91962651695525,467.4590697844161,102.85440250318878,0.001833545918367347,0.0004235092474489796,0.40578164859693877,0.005231584821428571,124.0,222.0,237.0,0.3877551020408163,,0,0,0,0,0,0,0,0,-0.34755238429115504
AS11-40-5907,AS11,40,5907,1,0,,256.4015693523297,375.03076997893146,130.42675283003825,0.0,0.0003138950892857143,0.06675003985969388,0.001220703125,171.0,215.0,222.0,0.32142857142857145,,0,0,0,0,0,0,0,0,-0.5841776257394778
AS11-40-5908,AS11,40,5908,1,0,,276.6387681384873,400.7526239112906,140.0131238042092,0.0,0.00030393016581632654,0.3076719945790816,0.0013203523596938774,185.0,221.0,228.0,0.3163265306122449,0.0,1,0,0,0,0,0,0,0,-0.5129267434106443
AS11-40-5909,AS11,40,5909,1,0,,829.1312516660106,961.4502768757789,148.0055554448342,0.0,8.96843112244898e-05,0.00025908801020408165,0.001136001275510204,174.0,218.0,228.0,0.1377551020408163,-22.97694450318875,1,0,0,0,0,0,0,1,0.4270047224602165
AS11-40-5910,AS11,40,5910,1,0,,1590.183948375021,1855.1465405566016,121.15371392697705,0.0,3.985969387755102e-05,7.473692602040816e-05,0.00038863201530612245,134.0,203.0,218.0,0.14285714285714285,3.964654722856123,1,0,0,0,0,0,0,0,1.1329761067357615
AS11-40-5911,AS11,40,5911,1,0,,1060.3997922791436,1236.8762992547145,139.86217016103316,0.0,2.9894770408163265e-05,0.02166374362244898,0.0013851243622448979,157.0,217.0,230.0,0.14285714285714285,0.0,1,0,0,0,0,0,0,0,0.6975687326403657
AS11-40-5912,AS11,40,5912,1,0,,1356.2405759097387,1356.2405759097387,159.03124501753825,0.00047831632653061223,7.473692602040816e-05,0.025355747767857144,0.0009416852678571429,170.0,217.0,228.0,0.0,1.576550055183732,1,0,0,0,0,0,0,0,0.7965216354272209
AS11-40-5913,AS11,40,5913,1,0,,921.6305457786042,1087.8987842070587,136.88918506855867,0.0,0.00010463169642857142,4.982461734693878e-05,0.003537547831632653,159.0,224.0,236.0,0.15306122448979592,12.242331198874437,1,0,0,0,0,0,0,1,0.5597194307060908
AS11-40-5914,AS11,40,5914,1,0,,430.3576775623679,530.4655185938022,89.90757533482143,0.0,0.00010463169642857142,0.23479850924744897,0.0005181760204081633,103.0,157.0,173.0,0.18877551020408162,0.0,1,0,0,0,0,0,0,0,-0.2117414928357929
AS11-40-5915,AS11,40,5915,1,0,,504.67850034577503,601.9702631207465,84.89798907844387,0.0,0.0003288424744897959,0.21406150350765307,0.0014000717474489796,96.0,151.0,188.0,0.16326530612244897,-11.491439088113383,1,0,0,0,0,0,0,1,-0.07591994117412397
AS11-40-5916,AS11,40,5916,1,0,,374.8193522667398,492.0262249936328,84.63248365752551,0.0,0.000244140625,0.2889827806122449,0.0015595105229591836,91.0,165.0,192.0,0.23979591836734693,-11.990834979039251,1,0,0,0,0,0,0,1,-0.29253743466139426
AS11-40-5917,AS11,40,5917,1,0,,621.2412934940788,658.0090232475453,92.56790597098214,0.0,0.0004235092474489796,0.15638950892857142,0.0025460379464285715,107.0,153.0,210.0,0.05612244897959184,1.8676788394341723,1,0,0,0,0,0,0,0,0.019685136415310025
AS11-40-5918,AS11,40,5918,1,0,,565.0024781491,589.0127312248786,100.28274972098214,0.0,0.00027403539540816324,0.12648975605867346,0.001908282844387755,113.0,153.0,205.0,0.04081632653061224,,0,0,0,0,0,0,0,0,-0.09929232997184674
AS11-40-5919,AS11,40,5919,1,0,,312.0103765301583,398.4784077995076,61.25106126434949,0.0,0.00013950892857142856,0.31545459980867346,0.0008470184948979591,45.0,135.0,191.0,0.2193877551020408,,0,0,0,0,0,0,0,0,-0.5190393972998851
AS11-40-5920,AS11,40,5920,1,0,,353.26755353829503,400.8191678659409,98.21033960459184,0.0,4.48421556122449e-05,0.15133729272959184,0.00034378985969387755,110.0,153.0,185.0,0.12244897959183673,5.370994695535706,1,0,0,0,0,0,0,0,-0.5127484088885927
AS11-40-5921,AS11,40,5921,1,0,,497.1610310944305,589.3382289492043,88.73689114317602,0.0,0.0012555803571428572,9.466677295918367e-05,0.00792709661989796,85.0,172.0,236.0,0.15816326530612246,-11.424067342001086,1,0,0,0,0,0,0,1,-0.09869893679642044
AS11-40-5922,AS11,40,5922,1,0,,388.63895821479497,509.30608321728937,56.36943957270408,0.0,4.48421556122449e-05,0.29825015943877553,0.0004932637117346938,35.0,147.0,211.0,0.23979591836734693,-4.84400037508068,1,0,0,0,0,0,0,0,-0.255463020091831
AS11-40-5923,AS11,40,5923,1,0,,161.22636372891134,520.8671065764958,60.229806082589285,0.0,0.00026905293367346936,0.4626415019132653,0.002436423788265306,25.0,216.0,226.0,0.6938775510204082,,0,0,0,0,0,0,0,0,-0.23135433589461946
AS11-40-5924,AS11,40,5924,1,0,,271.23311912152036,492.9102448943151,77.45343391262755,0.0,0.0010911591198979591,0.3465053013392857,0.003138950892857143,35.0,216.0,223.0,0.45408163265306123,15.488501442909683,1,0,0,0,0,0,0,1,-0.29060936296499046
AS11-40-5925,AS11,40,5925,1,0,,598.6243103213828,626.1301179660217,109.40922452965562,0.00012954400510204082,8.470184948979592e-05,0.037806919642857144,0.0018584582270408164,116.0,154.0,203.0,0.04591836734693878,12.91294075385105,1,0,0,0,0,0,0,1,-0.03365446863986526
AS11-40-5926,AS11,40,5926,1,0,,657.636992479453,670.7068758602771,105.6223443478954,0.0,0.0005231584821428571,0.0602180325255102,0.002316844706632653,112.0,162.0,201.97000000000116,0.02040816326530612,-8.841814560191672,1,0,0,0,0,0,0,0,0.0402147422503821
AS11-40-5927,AS11,40,5927,1,0,,368.9591466465973,587.2942771885351,77.41695232780613,0.0,4.48421556122449e-05,0.2727100605867347,0.0022122130102040817,82.0,162.0,218.0,0.37755102040816324,0.0,1,0,0,0,0,0,0,0,-0.10243057453081708
AS11-40-5928,AS11,40,5928,1,0,,376.98821445899654,672.0120144295398,91.18929073033708,0.0,0.0023374799357945425,0.006119582664526484,0.008386837881219904,99.0,183.0,235.0,0.5054945054945055,,0,0,0,0,0,0,0,0,0.0423027922866962
AS11-40-5929,AS11,40,5929,1,0,,481.8668073392173,643.6667881445044,86.6695481903699,0.0,0.0020029496173469387,0.12218490911989796,0.00860969387755102,95.0,178.0,236.0,0.25510204081632654,,0,0,0,0,0,0,0,0,-0.003985003120794443
AS11-40-5930,AS11,40,5930,1,0,,285.3020591811307,464.5553427750037,106.14898058832908,0.00015943877551020407,0.000323860012755102,0.37806421396683676,0.0037169164540816328,126.0,220.0,234.0,0.39285714285714285,0.0,1,0,0,0,0,0,0,0,-0.3542451219319652
AS11-40-5931,AS11,40,5931,1,0,,414.32869857373413,549.1102806439343,90.57442303093113,0.0,0.001096141581632653,0.21122648278061223,0.00308414381377551,101.0,143.0,217.0,0.25,,0,0,0,0,0,0,0,0,-0.1746378860598878
AS11-40-5932,AS11,40,5932,1,0,,307.9046725112416,478.85801543286,94.88565748565051,0.0,0.0004982461734693878,0.0004035794005102041,0.0009715800382653062,121.0,169.0,180.0,0.35714285714285715,0.0,1,0,0,0,0,0,0,0,-0.32167512678472115
AS11-40-5933,AS11,40,5933,1,0,,881.9411782515342,1234.5109203735176,116.47071308992346,0.0,1.4947385204081632e-05,4.982461734693877e-06,0.000284000318877551,130.0,208.0,221.0,0.2857142857142857,-8.625183178170461,1,0,0,0,0,0,0,0,0.6955127033813857
AS11-40-5934,AS11,40,5934,1,0,,906.488125692825,1224.737951389408,127.51383131377551,0.0,0.00013950892857142856,8.470184948979592e-05,0.0019630899234693877,156.0,214.0,230.0,0.2602040816326531,-5.440332031005506,1,0,0,0,0,0,0,0,0.6869758943675273
AS11-40-5935,AS11,40,5935,1,0,,111.099438056778,120.50305383749577,135.173095703125,0.0007672991071428571,0.007528499681122449,0.003378109056122449,0.038364955357142856,127.0,234.0,250.0,0.08673469387755102,0.0,1,0,0,0,0,0,0,0,-1.8036234131801685
AS11-40-5936,AS11,40,5936,1,0,,251.2724178936371,277.7935790075618,113.34098473373724,0.00045838647959183676,0.0011310188137755102,0.0028300382653061226,0.0023915816326530613,115.0,177.0,215.0,0.09693877551020408,0.0,1,0,0,0,0,0,0,0,-0.9065429382486069
AS11-40-5937,AS11,40,5937,1,0,,1149.3656119728328,1462.6172369211677,124.9869160554847,0.0,0.00011957908163265306,4.982461734693877e-06,0.0008818957270408163,147.0,211.0,225.0,0.21428571428571427,-3.4336303624505224,1,0,0,0,0,0,0,0,0.877626838071727
AS11-40-5938,AS11,40,5938,1,0,,941.5005109834452,1317.8210518965432,113.43595543686224,0.0,0.000408561862244898,6.975446428571428e-05,0.001624282525510204,133.0,199.0,217.0,0.2857142857142857,7.869075551790507,1,0,0,0,0,0,0,0,0.7656556822341916
AS11-40-5939,AS11,40,5939,1,0,,485.5669203692056,658.9783876089402,135.15320073341837,0.0,0.0006128427933673469,9.964923469387754e-06,0.0022271603954081634,169.0,220.0,229.0,0.2653061224489796,15.751173663453027,1,0,0,0,0,0,0,1,0.021266292498911883
AS11-40-5940,AS11,40,5940,1,0,,376.77223491547056,527.4059454177836,117.53645667251276,0.2990872130102041,0.00042849170918367346,0.3063865194515306,0.0027901785714285715,145.0,219.0,228.0,0.2857142857142857,4.0444855741811025,1,0,0,0,0,0,0,0,-0.21795445048165402
AS11-40-5941,AS11,40,5941,1,0,,255.2029378462811,427.3642530789982,108.15716179049745,0.13226941167091838,0.0008420360331632653,0.39902044802295916,0.008614676339285714,133.0,228.0,239.0,0.40816326530612246,0.0,1,0,0,0,0,0,0,0,-0.44387118722880026
AS11-40-5942,AS11,40,5942,1,0,,331.40958474120316,456.28183241123196,97.55290876116071,0.0,0.00559032206632653,0.23920300542091838,0.021200374681122448,114.0,221.0,248.0,0.2755102040816326,,0,0,0,0,0,0,0,0,-0.37354648133595403
AS11-40-5943,AS11,40,5943,1,0,,388.1665124072725,531.8342668080576,76.83498584980867,4.982461734693877e-06,0.0029994419642857145,0.34534438775510207,0.00552555006377551,92.0,143.0,205.0,0.27040816326530615,-3.0127875041833403,1,0,0,0,0,0,0,0,-0.20897362115806567
AS11-40-5944,AS11,40,5944,1,0,,398.6958764521642,565.6243738672408,79.21510782047194,0.0,0.0016840720663265306,0.3464504942602041,0.0035774075255102043,96.0,145.0,164.0,0.29591836734693877,-32.31961650818018,1,0,0,0,0,0,0,1,-0.1428117259800047
AS11-40-5945,AS11,40,5945,1,0,,392.26927685129397,542.6906533625745,95.46172971141581,0.0,0.00490772480867347,0.2811652981505102,0.009506536989795918,117.0,155.0,239.0,0.28061224489795916,-1.1457628381751033,1,0,0,0,0,0,0,0,-0.18726896929672082
AS11-40-5946,AS11,40,5946,1,0,,514.0197574995748,740.5519666489741,80.39671855070154,0.0,0.0026207748724489796,0.004449338329081632,0.005490672831632653,90.0,144.0,219.0,0.30612244897959184,1.1160103914072725,1,0,0,0,0,0,0,0,0.1466176294564192
AS11-40-5947,AS11,40,5947,1,0,,649.5194613299038,842.7377853114158,88.55848413584184,0.0,0.0032734773596938774,0.28307358099489793,0.006382533482142857,104.0,154.0,225.0,0.22959183673469388,-3.2704879231835653,1,0,0,0,0,0,0,0,0.28545410085775164
AS11-40-5948,AS11,40,5948,1,0,,520.6233102696133,784.3074734458697,80.1019361846301,0.0,0.0044692681760204085,0.30276426977040816,0.009232501594387755,86.0,153.0,237.0,0.336734693877551,-4.210498403302206,1,0,0,0,0,0,0,0,0.20827590664393533
AS11-40-5949,AS11,40,5949,1,0,,667.9865319307821,884.0604603205222,83.2571099728954,0.0,0.0018734056122448979,2.491230867346939e-05,0.003946109693877551,88.0,144.0,192.0,0.24489795918367346,0.0,1,0,0,0,0,0,0,0,0.3368701840385203
AS11-40-5950,AS11,40,5950,1,0,,716.6353917177247,1032.3880656565248,77.5022969148597,0.0,0.0002491230867346939,0.07008330676020408,0.000572983099489796,80.0,151.0,173.0,0.30612244897959184,-5.6544208226407005,1,0,0,0,0,0,0,0,0.5034657783759703
AS11-40-5951,AS11,40,5951,1,0,,699.5244494082033,752.6642658793974,79.59335140306122,0.0,0.0007722815688775511,0.00012954400510204082,0.002396564094387755,82.0,133.0,187.0,0.07142857142857142,-9.960140308372775,1,0,0,0,0,0,0,0,0.16404302535790316
AS11-40-5952,AS11,40,5952,1,0,,746.819201243316,791.1989066418912,82.57951012436224,0.0,0.0007971938775510204,0.001220703125,0.0027453364158163264,86.0,133.0,194.0,0.05612244897959184,-7.420014895261208,1,0,0,0,0,0,0,0,0.2176723044270062
AS11-40-5953,AS11,40,5953,1,0,,261.5241919715471,274.01952109606435,67.27031349649235,0.0,0.002361686862244898,0.20551159917091838,0.005156847895408163,66.0,130.0,213.0,0.04591836734693878,-13.93168924180298,1,0,0,0,0,0,0,1,-0.9212353322075788
AS11-40-5954,AS11,40,5954,1,0,,534.8915728830586,752.6260675094455,94.53105568399235,0.0,0.004524075255102041,0.059689891581632654,0.007648078762755102,94.0,187.0,225.0,0.29081632653061223,6.84277341263094,1,0,0,0,0,0,0,0,0.1639885131468656
AS11-40-5955,AS11,40,5955,1,0,,800.8052144985007,1038.6371212374102,109.23785774075255,0.0,0.0001096141581632653,0.022236726721938774,0.0009765625,97.0,212.0,227.0,0.22959183673469388,-6.0724564072077,1,0,0,0,0,0,0,0,0.5099476371497383
AS11-40-5956,AS11,40,5956,1,0,,765.8504608766777,968.1247743207236,119.08723792251276,0.0,0.00013950892857142856,0.00034378985969387755,0.002276985012755102,139.0,213.0,231.0,0.20918367346938777,12.115241802457868,1,0,0,0,0,0,0,1,0.43443539063258724
AS11-40-5957,AS11,40,5957,1,0,,373.8617600127341,443.4344279004632,104.54942103794643,0.0,0.0018136160714285715,0.17419184470663265,0.0042948820153061226,119.0,170.0,206.0,0.15816326530612246,5.774325902663275,1,0,0,0,0,0,0,0,-0.40422317778501216
AS11-40-5958,AS11,40,5958,1,0,,340.41981878997086,398.73164930090246,115.60403878348214,0.0,0.002316844706632653,0.1717105787627551,0.006845902423469388,133.0,180.0,231.0,0.14795918367346939,14.036243467926479,1,0,0,0,0,0,0,1,-0.5183570093250305
AS11-40-5959,AS11,40,5959,1,0,,348.28072267229584,444.2839008063476,103.31234554368622,0.0,0.0022171954719387753,0.23816167091836735,0.0067362882653061226,121.0,174.0,229.0,0.2193877551020408,18.57572441068109,1,0,0,0,0,0,0,1,-0.4021675536085797
AS11-40-5960,AS11,40,5960,1,0,,576.9314733643623,809.0664853305343,136.93535255899235,0.0,0.0005879304846938776,0.0007922114158163265,0.005655094068877551,163.0,234.0,239.0,0.29081632653061223,-19.56378361958265,1,0,0,0,0,0,0,1,0.24165847833322796
AS11-40-5961,AS11,40,5961,1,0,,299.05448090538584,529.6159327188914,111.9195631377551,0.0,0.0006626674107142857,0.32027264030612246,0.001345264668367347,140.0,199.0,205.0,0.44387755102040816,-10.649219659244944,1,0,0,0,0,0,0,1,-0.21346311315737357
AS11-40-5962,AS11,40,5962,1,0,,204.65109736707893,581.8575018313181,103.63953882334184,0.0,0.0005929129464285714,0.34166733099489793,0.0038066007653061226,132.0,197.0,202.0,0.6581632653061225,-3.0127875041833403,1,0,0,0,0,0,0,0,-0.11242005412175275
AS11-40-5963,AS11,40,5963,1,0,,448.7776927193321,535.8163870413483,89.91627471301021,0.0,0.006467235331632653,0.21145069355867346,0.03930165816326531,93.0,235.0,249.0,0.16326530612244897,3.4533162505310924,1,0,0,0,0,0,0,0,-0.20096133499800609
AS11-40-5964,AS11,40,5964,1,0,,493.09954932526915,558.4873001935459,89.22551618303571,0.0,0.005440848214285714,0.19674246651785715,0.04037786989795918,90.0,236.0,249.0,0.11734693877551021,-5.527540151656172,1,0,0,0,0,0,0,0,-0.1564508286030773
AS11-40-5965,AS11,40,5965,1,0,,232.9551876720316,716.0842540036465,62.57321229272959,0.0,0.00021424585459183673,0.0,0.0007174744897959184,51.0,151.0,203.0,0.6785714285714286,,0,0,0,0,0,0,0,0,0.11053049839238484
AS11-40-5966,AS11,40,5966,1,0,,86.80283973426533,386.4689981987697,66.66252790178571,0.0,0.00039361447704081633,0.0,0.0014847735969387755,62.0,87.0,186.0,0.7806122448979592,,0,0,0,0,0,0,0,0,-0.5519082260167242
AS11-40-5967,AS11,40,5967,1,0,,527.8051692347931,975.3297180250981,86.43999621332908,0.0,4.982461734693877e-06,0.0,0.0002192283163265306,41.0,188.0,203.0,0.45918367346938777,12.215719134130856,1,0,0,0,0,0,0,1,0.4423993208394619
AS11-40-5968,AS11,40,5968,1,0,,651.550873093459,1263.5721160667852,68.31082589285714,9.964923469387754e-06,4.982461734693877e-06,0.5572534677933674,0.00039361447704081633,20.0,183.0,201.0,0.4846938775510204,0.0,1,0,0,0,0,0,0,0,0.7205043828004444
AS11-40-5969,AS11,40,5969,1,0,,295.75783120558094,903.1649045383092,67.57807019292092,0.0,2.491230867346939e-05,4.982461734693877e-06,0.00018933354591836734,41.0,183.0,202.0,0.673469387755102,31.97080519205626,1,0,0,0,0,0,0,1,0.35983383146110853
AS11-40-5970,AS11,40,5970,1,0,,138.4757754072851,214.27893817019302,83.82922612404337,0.0,0.003622249681122449,0.19801797672193877,0.01857959980867347,59.0,213.0,246.0,0.35714285714285715,11.309932474020213,1,0,0,0,0,0,0,1,-1.1853754630794804
AS12-48-7022,AS12,48,7022,1,0,,112.42949176596781,143.60461000259747,112.22109673947705,0.0569694674744898,0.0,0.2557995854591837,0.0018484933035714285,142.0,212.0,231.0,0.2193877551020408,2.8624052261117474,1,0,0,0,0,0,0,0,-1.6152408235591926
AS12-48-7023,AS12,48,7023,1,0,,475.16145411015845,853.4207285282317,73.02882354113521,0.4415706712372449,5.978954081632653e-05,0.5166563695790817,0.0006128427933673469,11.0,195.0,223.0,0.44387755102040816,0.0,1,0,0,0,0,0,0,0,0.29898415285687613
AS12-48-7024,AS12,48,7024,1,0,,304.8016003783868,718.5928107991346,59.63860710299745,0.0010712292729591836,0.0005480707908163265,0.6346161511479592,0.002476283482142857,9.0,210.0,233.0,0.576530612244898,,0,0,0,0,0,0,0,0,0.11428661844610495
AS12-48-7025,AS12,48,7025,1,0,,581.7073578744917,856.9524457255336,90.9450982541454,0.001878388073979592,1.4947385204081632e-05,0.45614437181122447,0.0013153698979591836,90.0,211.0,232.0,0.32142857142857145,-22.442753365294347,1,0,0,0,0,0,0,1,0.3034198807887833
AS12-48-7026,AS12,48,7026,1,0,,383.4233312517194,683.0135945342987,58.17160096460459,0.5156548947704082,0.0,0.567626953125,0.0,3.0,199.0,224.0,0.4387755102040816,-8.630801788548439,1,0,0,0,0,0,0,0,0.05974439319411792
AS12-48-7027,AS12,48,7027,1,0,,935.6327837807146,1281.7460526540474,88.656005859375,0.001992984693877551,6.477200255102041e-05,0.43930863360969385,0.0007623166454081633,54.0,206.0,223.0,0.27040816326530615,-4.969740728110304,1,0,0,0,0,0,0,0,0.735842906119901
AS12-48-7028,AS12,48,7028,1,0,,830.4172201127818,1452.6636454025095,77.55413942920919,0.00020926339285714285,0.00010463169642857142,0.5020926339285714,0.0034777582908163264,24.0,205.0,233.0,0.42857142857142855,2.8341110163065135,1,0,0,0,0,0,0,0,0.870292341051324
AS12-48-7029,AS12,48,7029,1,0,,1187.200225835614,1874.9611661347342,81.68736049107143,0.004235092474489796,1.4947385204081632e-05,0.4489646444515306,0.0009765625,74.0,204.0,228.0,0.3673469387755102,-0.9290393194220559,1,0,0,0,0,0,0,0,1.1443874776703664
AS12-48-7030,AS12,48,7030,1,0,,1304.139486093513,2127.803748304579,73.21338887117346,8.96843112244898e-05,0.002476283482142857,0.4850924744897959,0.003791653380102041,30.0,187.0,211.0,0.3877551020408163,-14.81346411880467,1,0,0,0,0,0,0,1,1.280261988879899
AS12-48-7031,AS12,48,7031,1,0,,1555.3368435819564,1847.1304262599124,94.48858019770408,5.978954081632653e-05,1.4947385204081632e-05,0.27006437340561223,7.971938775510203e-05,104.0,185.0,201.0,0.15816326530612246,0.0,1,0,0,0,0,0,0,0,1.1283249078110844
AS12-48-7032,AS12,48,7032,1,0,,1763.3207538996523,2032.3304366641719,120.98266103316327,9.964923469387755e-05,4.982461734693878e-05,0.20356345663265307,0.0009117904974489796,138.0,216.0,229.0,0.1326530612244898,1.2921668862499318,1,0,0,0,0,0,0,0,1.2309536751935914
AS12-48-7033,AS12,48,7033,1,0,,2807.876552645339,2836.6901926479686,120.54007393973214,0.00014449139030612245,7.971938775510203e-05,0.13337551817602042,0.0008370535714285714,134.0,207.0,225.0,0.01020408163265306,-8.781162734385465,1,0,0,0,0,0,0,0,1.5891129781164506
AS12-48-7034,AS12,48,7034,1,0,,938.0420244566255,942.8426498382739,93.16070930325255,0.0020079320790816328,0.00025410554846938777,0.096923828125,0.0017239317602040817,99.0,169.0,205.0,0.00510204081632653,11.421186274999284,1,0,0,0,0,0,0,1,0.40601337580143354
AS12-48-7035,AS12,48,7035,1,0,,388.44215122412663,605.3706630150757,54.79234594228316,5.480707908163265e-05,0.0,0.5783043686224489,0.0,19.0,157.0,172.0,0.3622448979591837,,0,0,0,0,0,0,0,0,-0.0698697310295865
AS12-48-7036,AS12,48,7036,1,0,,368.76185254790494,491.61706454205665,114.45456493144133,0.0786930006377551,0.0007423867984693878,0.12441705197704081,0.0033581792091836736,129.0,155.0,171.0,0.2653061224489796,0.0,1,0,0,0,0,0,0,0,-0.2934309978730081
AS12-48-7037,AS12,48,7037,1,0,,342.205740136139,449.23676592929206,96.5645976163903,0.0894302056760204,0.00029894770408163266,0.10146285076530612,0.001868423150510204,106.0,132.0,150.0,0.25510204081632654,0.0,1,0,0,0,0,0,0,0,-0.39025991660307296
AS12-48-7038,AS12,48,7038,1,0,,151.0424384570082,247.322047144569,88.57369060905613,0.005964006696428571,6.477200255102041e-05,0.08829420440051021,0.0005381058673469387,67.0,198.0,219.0,0.41836734693877553,-1.8087393224920654,1,0,0,0,0,0,0,0,-1.0313378163140385
AS12-48-7039,AS12,48,7039,1,0,,276.52220509658997,498.3624708161666,84.09052136479592,0.013308155293367346,0.00027901785714285713,0.17972735969387754,0.0005131935586734694,58.0,198.0,219.0,0.45408163265306123,0.0,1,0,0,0,0,0,0,0,-0.27879380296797374
AS12-48-7040,AS12,48,7040,1,0,,653.693236671925,756.1020425574993,88.97248186383929,0.00750358737244898,0.0005331234056122449,0.08719806281887756,0.0007672991071428571,76.0,180.0,194.0,0.1377551020408163,0.0,1,0,0,0,0,0,0,0,0.1689377208047137
AS12-48-7041,AS12,48,7041,1,0,,170.797366647907,287.54210960472426,92.50896843112245,0.0004434390943877551,0.0004932637117346938,0.2320232780612245,0.0033631616709183672,113.0,173.0,222.0,0.41836734693877553,0.0,1,0,0,0,0,0,0,0,-0.8694966205061576
AS12-48-7042,AS12,48,7042,1,0,,275.87923875998473,374.19438457594794,79.3243482940051,0.0007772640306122449,0.000652702487244898,0.26882872289540816,0.002082669005102041,92.0,149.0,205.0,0.2653061224489796,0.5562522270806725,1,0,0,0,0,0,0,0,-0.586575704898107
AS12-48-7043,AS12,48,7043,1,0,,1500.5280490920527,1546.4629564224783,127.19636878188776,0.031414421237244895,1.992984693877551e-05,0.07921117665816327,0.00012954400510204082,140.0,191.0,212.0,0.030612244897959183,8.74616226255521,1,0,0,0,0,0,0,0,0.9374995333224598
AS12-48-7044,AS12,48,7044,1,0,,1050.1010352596795,1289.8517358285435,129.63214485012756,0.12797951211734693,9.964923469387754e-06,0.17535774075255103,0.00022919323979591838,156.0,204.0,222.0,0.18877551020408162,-7.275004957889255,1,0,0,0,0,0,0,0,0.7426139754214041
AS12-48-7045,AS12,48,7045,1,0,,1811.722052485359,1907.1004815843978,138.03852439413265,0.03632712850765306,2.491230867346939e-05,0.0768245774872449,0.0002939652423469388,155.0,198.0,217.0,0.05102040816326531,9.940573033113026,1,0,0,0,0,0,0,0,1.162642724631156
AS12-48-7046,AS12,48,7046,1,0,,748.8259490166591,1124.3281208266308,99.30080117984694,0.31874302455357145,1.4947385204081632e-05,0.3331821986607143,0.00022919323979591838,127.0,194.0,208.0,0.336734693877551,3.205215931013497,1,0,0,0,0,0,0,0,0.5950971712968249
AS12-48-7047,AS12,48,7047,1,0,,568.3565590852303,865.9200739887892,94.9658502072704,0.36560805963010207,2.491230867346939e-05,0.3798280054209184,0.0003089126275510204,121.0,201.0,211.0,0.3469387755102041,4.127591702511724,1,0,0,0,0,0,0,0,0.3146013176250582
AS12-48-7048,AS12,48,7048,1,0,,1065.4615413789845,1204.1400868202563,135.00878408003825,0.05697444993622449,0.00013452646683673468,0.10488580197704081,0.0005879304846938776,154.0,189.0,200.0,0.11734693877551021,-6.372111396932512,1,0,0,0,0,0,0,0,0.6687580855014491
AS12-48-7049,AS12,48,7049,1,0,,970.8089473462761,1116.3973624145283,118.99186363998724,0.12303691007653061,0.00031887755102040814,0.18413683832908162,0.0007224569515306122,140.0,189.0,199.0,0.1326530612244898,-19.855214369321057,1,0,0,0,0,0,0,1,0.5874939589421713
AS12-48-7050,AS12,48,7050,1,0,,1285.7029448163255,1525.0481651999385,118.16995675223214,0.16052993463010204,0.00013452646683673468,0.1986507493622449,0.0006975446428571429,142.0,200.0,213.0,0.15816326530612246,-8.13010235415598,1,0,0,0,0,0,0,0,0.922522078120955
AS12-48-7051,AS12,48,7051,1,0,,1742.736667482692,1864.7326720580115,155.40042550223214,0.0066665338010204085,0.00043347417091836734,0.039027622767857144,0.0014498963647959183,174.0,202.0,218.0,0.0663265306122449,4.557419019714005,1,0,0,0,0,0,0,0,1.1385119622312576
AS12-48-7052,AS12,48,7052,1,0,,2184.569208120093,2300.349827092815,140.9173359773597,0.008360570790816327,5.978954081632653e-05,0.04132453762755102,0.0011260363520408164,153.0,196.0,219.0,0.05102040816326531,1.0609116902642277,1,0,0,0,0,0,0,0,1.3640094411737076
AS12-48-7053,AS12,48,7053,1,0,,1342.3252452721401,1704.7798764609147,101.36091458067602,0.22810208067602042,0.0003089126275510204,0.2893913424744898,0.0012755102040816326,123.0,197.0,212.0,0.21428571428571427,-6.434739151036719,1,0,0,0,0,0,0,0,1.0421860559105072
AS12-48-7054,AS12,48,7054,1,0,,1050.790271611275,1537.9181377766824,116.13363958864795,0.003059231505102041,0.0007025271045918367,0.3295798788265306,0.0023018973214285715,144.0,221.0,231.0,0.32142857142857145,29.407189060733653,1,0,0,0,0,0,0,1,0.9315483247956284
AS12-48-7055,AS12,48,7055,1,0,,1078.932858311698,1454.2248583416479,97.33154296875,0.28305863360969385,0.00026905293367346936,0.33753687021683676,0.0013004225127551021,116.0,198.0,211.0,0.2602040816326531,0.0,1,0,0,0,0,0,0,0,0.8714460680320064
AS12-48-7056,AS12,48,7056,1,0,,1101.6674830870845,1685.3281887620687,84.99578483737245,0.406917649872449,4.982461734693878e-05,0.4432348134566326,0.0004832987882653061,75.0,206.0,218.0,0.3469387755102041,2.231174608031251,1,0,0,0,0,0,0,0,1.029860181123336
AS12-48-7057,AS12,48,7057,1,0,,411.2612661431601,696.1872390354064,79.47814692283163,0.4802146444515306,0.0,0.5070202885841837,4.48421556122449e-05,14.0,209.0,220.0,0.413265306122449,-4.497151614667772,1,0,0,0,0,0,0,0,0.08026361453332602
AS12-48-7058,AS12,48,7058,1,0,,502.58486519191024,889.7115636623793,97.1539530851403,0.4177395567602041,2.491230867346939e-05,0.45097257653061223,0.000652702487244898,124.0,220.0,230.0,0.4387755102040816,-4.398705354995532,1,0,0,0,0,0,0,0,0.34371412347012315
AS12-48-7059,AS12,48,7059,1,0,,1906.8834609663625,1967.0758834982578,108.07083565848214,0.07647580516581633,0.00045340401785714287,0.16228874362244897,0.0008569834183673469,122.0,187.0,200.0,0.030612244897959183,-10.026037090321298,1,0,0,0,0,0,0,1,1.1959008462083487
AS12-48-7060,AS12,48,7060,1,0,,843.3670610476911,1070.074712012264,102.56029276945154,0.2256756218112245,0.00038364955357142856,0.28926678093112246,0.0007274394132653062,127.0,195.0,211.0,0.21428571428571427,0.0,1,0,0,0,0,0,0,0,0.5419759040994468
AS12-48-7061,AS12,48,7061,1,0,,1348.4228701910245,1542.426605634636,122.85689373405613,0.09369021045918367,0.00027901785714285713,0.14899553571428573,0.0006078603316326531,142.0,196.0,216.0,0.12755102040816327,-23.13569725733583,1,0,0,0,0,0,0,1,0.9346924454482198
AS12-48-7062,AS12,48,7062,1,0,,1466.5882583586983,1596.0297546574807,71.37167669802295,0.002032844387755102,0.0006925621811224489,0.29134944993622447,0.002062739158163265,66.0,160.0,205.0,0.08163265306122448,3.576334374997351,1,0,0,0,0,0,0,0,0.971385653528392
AS12-48-7063,AS12,48,7063,1,0,,1213.2010456451226,1501.7114612442658,117.35648517219387,0.16594587053571427,0.00045340401785714287,0.23386678890306123,0.0008221061862244898,144.0,200.0,209.0,0.19387755102040816,-22.442753365294347,1,0,0,0,0,0,0,1,0.9059590617901028
AS12-48-7064,AS12,48,7064,1,0,,875.6330670142411,1276.6603453003713,96.95297054368622,0.26012436224489793,0.00026407047193877553,0.28759765625,0.0005779655612244898,119.0,180.0,191.0,0.3163265306122449,3.1798301198642345,1,0,0,0,0,0,0,0,0.731572672404511
AS12-48-7065,AS12,48,7065,1,0,,991.7984157317334,1109.9099647637504,94.10480608258929,0.1598523198341837,0.00010463169642857142,0.1921336894132653,0.00034378985969387755,106.0,173.0,190.0,0.10714285714285714,0.0,1,0,0,0,0,0,0,0,0.5812342250340523
AS12-48-7066,AS12,48,7066,1,0,,862.382759802841,991.3625796619666,119.88880640146684,0.13278260522959184,0.00031887755102040814,0.15391820790816327,0.0008520009566326531,138.0,190.0,201.0,0.1326530612244898,-9.104600865402178,1,0,0,0,0,0,0,0,0.45991203617597454
AS12-48-7067,AS12,48,7067,1,0,,1400.5756793405203,1864.768443157608,120.59915597098214,0.20984634088010204,9.964923469387754e-06,0.3140246332908163,0.007687938456632653,157.0,229.0,239.0,0.25,0.0,1,0,0,0,0,0,0,0,1.138532566195559
AS12-48-7068,AS12,48,7068,1,0,,598.7064595783517,801.340283511794,109.7722466916454,0.18101781728316327,0.00039361447704081633,0.283382493622449,0.0011409837372448979,139.0,199.0,207.0,0.25510204081632654,-17.684392026557745,1,0,0,0,0,0,0,1,0.23135217233268343
AS12-48-7069,AS12,48,7069,1,0,,722.8050648427318,1029.033829044893,99.87666414221938,0.21316964285714285,0.0003786670918367347,0.2600695551658163,0.0008669483418367347,124.0,176.0,188.0,0.3010204081632653,-2.447048642323615,1,0,0,0,0,0,0,0,0.49997038198562743
AS12-48-7070,AS12,48,7070,1,0,,1740.6546508001563,1794.8048271950329,135.98566047512756,0.0019680723852040817,0.00039361447704081633,0.13624043367346939,0.001016422193877551,165.0,205.0,214.0,0.030612244897959183,-2.3137224978242164,1,0,0,0,0,0,0,0,1.0974588536407892
AS12-48-7071,AS12,48,7071,1,0,,163.59526443002324,253.2393463895975,65.34760642538265,0.18052953603316327,0.00038364955357142856,0.3462611607142857,0.0021125637755102043,66.0,137.0,222.0,0.35714285714285715,0.0,1,0,0,0,0,0,0,0,-1.005942381540266
AS12-48-7072,AS12,48,7072,1,0,,2280.998223987111,2552.131287993482,156.86123345822705,0.0040158641581632655,0.00010463169642857142,0.02374641262755102,0.0008769132653061224,169.0,214.0,227.0,0.10714285714285714,5.869600443014707,1,0,0,0,0,0,0,0,1.475572223629068
AS12-48-7073,AS12,48,7073,1,0,,2124.133463186877,2297.791831998597,144.96384725765307,0.007050183354591837,0.0001096141581632653,0.026128029336734693,0.0006028778698979591,155.0,203.0,216.0,0.07653061224489796,16.598104392861046,1,0,0,0,0,0,0,1,1.362814389609126
AS12-48-7074,AS12,48,7074,1,0,,916.7388486911585,1107.4933333217036,106.99558055644133,0.004499162946428571,0.0001992984693877551,0.1573860012755102,0.003059231505102041,124.0,161.0,227.0,0.17346938775510204,6.095861544595817,1,0,0,0,0,0,0,0,0.5788930432084733
AS12-48-7075,AS12,48,7075,1,0,,2330.6680210633654,2330.6680210633654,131.32551917251274,0.0008320711096938776,0.0002939652423469388,0.07110969387755102,0.0016741071428571428,145.0,195.0,211.0,0.0,5.522008069070961,1,0,0,0,0,0,0,0,1.3780732293549236
AS12-48-7076,AS12,48,7076,1,0,,2181.243909330976,2374.579224896843,114.50008968431122,0.0017787388392857143,2.491230867346939e-05,0.15638950892857142,0.0003736846301020408,130.0,193.0,206.0,0.08163265306122448,6.7098368077569335,1,0,0,0,0,0,0,0,1.3981213996416166
AS12-48-7077,AS12,48,7077,1,0,,1409.9381762134535,1680.4943366124119,136.42992665816325,0.018744021045918366,0.0006277901785714286,0.0541145169005102,0.001539580676020408,151.0,191.0,201.0,0.16326530612244897,-6.009005957494525,1,0,0,0,0,0,0,0,1.0267750637716737
AS12-48-7078,AS12,48,7078,1,0,,153.51759963686493,203.88057698002672,167.77146444515307,0.007264429209183673,0.0,0.018893494897959183,0.0,173.0,231.0,234.0,0.25510204081632654,0.0,1,0,0,1,0,0,1,0,-3.2388050352279514
AS12-48-7079,AS12,48,7079,1,0,,19.485962066586836,43.16142757833004,184.48517219387756,0.0,0.0,0.0,4.982461734693877e-06,201.0,235.0,237.0,0.5918367346938775,,0,0,0,1,1,0,1,0,-4.906417931781927
AS12-48-7080,AS12,48,7080,1,0,,54.106745458528025,125.49909521559992,133.11778041294642,0.0,0.0,0.0,0.0,121.0,204.0,210.0,0.6020408163265306,0.0,1,0,0,0,1,0,1,0,-1.7599903116648197
AS12-48-7081,AS12,48,7081,1,0,,39.959287984800156,89.11522902727596,138.04516103316325,0.0,0.0,0.0,0.0,139.0,205.0,208.0,0.6020408163265306,0.0,1,0,0,0,1,0,1,0,-2.1277234780297727
AS12-48-7082,AS12,48,7082,1,0,,643.891453939495,863.1404927191354,125.73416573660714,0.0009217554209183673,0.0005381058673469387,0.18403220663265307,0.004190250318877551,151.0,194.0,233.0,0.2602040816326531,-6.536633648797067,1,0,0,0,0,0,0,0,0.3111479820396357
AS12-48-7083,AS12,48,7083,1,0,,1559.9713780137956,1559.9713780137956,129.1572415098852,0.003024354272959184,0.0003089126275510204,0.029989437181122448,0.002366669323979592,137.0,182.0,222.0,0.0,0.0,1,0,0,0,0,0,0,0,0.9468409857338781
AS12-48-7084,AS12,48,7084,1,0,,1628.3497529258234,2769.4702163479956,77.04986447704081,0.00016940369897959184,0.00015943877551020407,0.4847785794005102,0.0013103874362244898,29.0,196.0,221.0,0.413265306122449,0.0,1,0,0,0,0,0,0,0,1.5633543405440904
AS12-48-7085,AS12,48,7085,1,0,,1835.5679519876296,3099.177101119095,73.66858159279337,0.0016491948341836734,0.00011957908163265306,0.48927774234693877,0.0015744579081632653,33.0,196.0,223.0,0.40816326530612246,-1.6846843178962914,1,0,0,0,0,0,0,0,1.684168209892707
AS12-48-7086,AS12,48,7086,1,0,,960.4293626753652,2137.11725070346,60.342060945471935,0.0006576849489795918,0.000204280931122449,0.6107053172831632,0.0014997209821428572,10.0,194.0,225.0,0.5510204081632653,1.0708244547869634,1,0,0,0,0,0,0,0,1.284953059487349
AS12-48-7087,AS12,48,7087,1,0,,1418.681095221796,2750.368851388229,65.66803352200255,0.0003288424744897959,0.00026905293367346936,0.5574677136479592,0.0016790896045918368,13.0,191.0,218.0,0.4846938775510204,2.181641403551466,1,0,0,0,0,0,0,0,1.5559205732866508
AS12-48-7088,AS12,48,7088,1,0,,1222.280226109451,1978.0366240040166,99.89631497130102,0.00025410554846938777,0.00014449139030612245,0.43289620535714285,0.0018484933035714285,106.0,215.0,234.0,0.3826530612244898,-18.36533065607367,1,0,0,0,0,0,0,1,1.2018691491623732
AS12-48-7089,AS12,48,7089,1,0,,1542.8402810040884,2417.29349855249,93.74656210140306,0.0006726323341836735,0.00011459661989795919,0.41664839764030615,0.0008221061862244898,98.0,208.0,228.0,0.3622448979591837,-10.344857481475202,1,0,0,0,0,0,0,1,1.4172705052404286
AS12-48-7090,AS12,48,7090,1,0,,1403.030067032325,1950.1727851853097,101.30828483737245,0.29953563456632654,0.00013452646683673468,0.3512336575255102,0.0004832987882653061,123.0,207.0,226.0,0.28061224489795916,-10.664575517451752,1,0,0,0,0,0,0,1,1.1866313290879977
AS12-48-7091,AS12,48,7091,1,0,,968.4605154331551,1456.2850249295543,119.37685845822705,0.0013103874362244898,0.00023915816326530612,0.33804508131377553,0.0008071588010204082,157.0,224.0,233.0,0.336734693877551,-9.283552805261346,1,0,0,0,0,0,0,0,0.8729666245710559
AS12-48-7092,AS12,48,7092,1,0,,620.285460725892,1072.0936480466214,94.94744499362245,0.42467016103316324,0.00023915816326530612,0.4599659199617347,0.000647720025510204,104.0,216.0,225.0,0.42346938775510207,1.1573330681295173,1,0,0,0,0,0,0,0,0.544000499879038
AS12-48-7093,AS12,48,7093,1,0,,535.8056964976546,1133.5429416680831,107.67584602200255,0.049904336734693876,0.0003288424744897959,0.42630440848214285,0.0009018255739795918,138.0,220.0,226.0,0.5306122448979592,,0,0,0,0,0,0,0,0,0.6038643409202016
AS12-48-7094,AS12,48,7094,1,0,,1626.1133776418076,1930.241876002085,111.91829261001276,0.0005131935586734694,0.0005381058673469387,0.2931331712372449,0.0015246332908163266,131.0,212.0,224.0,0.15816326530612246,0.0,1,0,0,0,0,0,0,0,1.1755976072224035
AS12-48-7095,AS12,48,7095,1,0,,1503.8610040113508,1626.0492540462083,136.97424067283163,0.00045838647959183676,0.0005381058673469387,0.11571269132653061,0.0027553013392857145,160.0,203.0,225.0,0.07653061224489796,1.9525090493996085,1,0,0,0,0,0,0,0,0.9914003526644973
AS12-48-7096,AS12,48,7096,1,0,,865.7628387286484,1091.3190154140127,123.33851841517857,0.06586316167091837,0.00026905293367346936,0.2542051977040816,0.002082669005102041,160.0,206.0,214.0,0.20918367346938777,11.07020257793936,1,0,0,0,0,0,0,1,0.5630909404871803
AS12-48-7097,AS12,48,7097,1,0,,2623.241215981031,2809.0827765517893,113.81732800542092,0.0061782525510204085,0.00013452646683673468,0.23681640625,0.0017338966836734694,128.0,217.0,232.0,0.0663265306122449,14.257035359650063,1,0,0,0,0,0,0,1,1.5786084861800511
AS12-48-7098,AS12,48,7098,1,0,,617.1337937736502,639.327000636616,108.67112264827806,0.0015545280612244898,0.000448421556122449,0.005166812818877551,0.0013751594387755102,93.0,194.0,218.0,0.03571428571428571,15.296547314430068,1,0,0,0,0,0,0,1,-0.011251327934167618
AS12-48-7099,AS12,48,7099,1,0,,878.4763532111864,1242.6566269831403,107.28315330038265,0.0013701769770408164,0.0004434390943877551,0.26746352838010207,0.0030293367346938774,130.0,191.0,220.0,0.29591836734693877,-5.527540151656172,1,0,0,0,0,0,0,0,0.7025765975961142
AS12-48-7100,AS12,48,7100,1,0,,568.6202512496167,941.6940544846757,85.86347058354592,0.0067612005739795915,0.00030393016581632654,0.39497967155612246,0.0019730548469387753,102.0,182.0,213.0,0.3979591836734694,0.0,1,0,0,0,0,0,0,0,0.4047040981703759
AS12-48-7101,AS12,48,7101,1,0,,1411.4689600931163,1544.7735800906657,98.54436882174745,0.002316844706632653,0.0009566326530612245,0.024050342793367346,0.001589405293367347,94.0,185.0,205.0,0.08673469387755102,0.0,1,0,0,0,0,0,0,0,0.9363255458830142
AS12-48-7102,AS12,48,7102,1,0,,1348.473264835989,1971.2864378707982,65.32301299426021,0.0003736846301020408,0.0005978954081632653,0.4153429926658163,0.0033531967474489796,37.0,169.0,200.0,0.3163265306122449,-21.87620811163073,1,0,0,0,0,0,0,1,1.1981974866980578
AS12-48-7103,AS12,48,7103,1,0,,1539.2147599120578,2037.0163867759218,84.22403639190051,0.0003288424744897959,0.0004932637117346938,0.34860790019132654,0.00393116230867347,82.0,184.0,219.0,0.24489795918367346,-4.939215542126199,1,0,0,0,0,0,0,0,1.2334273487506515
AS12-48-7104,AS12,48,7104,1,0,,820.5729887933345,1050.2695928082126,100.01202268016581,0.00023915816326530612,0.00043347417091836734,0.2825554049744898,0.00479312818877551,112.0,215.0,238.0,0.2193877551020408,1.8881880067409305,1,0,0,0,0,0,0,0,0.5219102674948078
AS12-48-7105,AS12,48,7105,1,0,,528.3316267999397,626.8705893607091,113.2900390625,0.0003736846301020408,0.00019431600765306122,0.21669722576530612,0.004269969706632653,132.0,213.0,237.0,0.15816326530612246,4.214178522734044,1,0,0,0,0,0,0,0,-0.03238498748033636
AS12-48-7106,AS12,48,7106,1,0,,1289.7119326432364,1337.0230131893895,99.35387934470663,0.003946109693877551,0.000448421556122449,0.12810407366071427,0.002720424107142857,105.0,184.0,207.0,0.03571428571428571,9.972057687331088,1,0,0,0,0,0,0,0,0.7811932625070419
AS12-48-7107,AS12,48,7107,1,0,,1550.1039460627599,1598.4341228102319,103.77868403220663,0.0028698979591836736,0.00041354432397959186,0.14109335140306123,0.002680564413265306,113.0,190.0,207.0,0.030612244897959183,0.0,1,0,0,0,0,0,0,0,0.9730025131184332
AS12-48-7108,AS12,48,7108,1,0,,880.3076365587863,941.6282784614527,91.08734753667092,0.006766183035714286,0.0008021763392857143,0.12433733258928571,0.004130460778061225,92.0,185.0,228.0,0.0663265306122449,-16.69924423399362,1,0,0,0,0,0,0,1,0.40462907210068444
AS12-48-7109,AS12,48,7109,1,0,,1198.9228389474663,1262.4643692241705,99.05397002551021,0.004877830038265306,0.0005131935586734694,0.09962930484693877,0.003527582908163265,105.0,183.0,220.0,0.05102040816326531,0.0,1,0,0,0,0,0,0,0,0.7195623410099858
AS12-48-7110,AS12,48,7110,1,0,,1518.392990107439,1526.1057666412644,109.54566924426021,0.004648636798469388,0.0006875797193877551,0.09296775350765306,0.0032286352040816328,118.0,187.0,226.0,0.00510204081632653,-1.008624310660236,1,0,0,0,0,0,0,0,0.9232666852200864
AS12-48-7111,AS12,48,7111,1,0,,1608.998462070082,1608.9984620700823,111.68403718909438,0.003976004464285714,0.000568000637755102,0.10294264190051021,0.0027702487244897957,123.0,186.0,221.0,0.0,0.0,1,0,0,0,0,0,0,0,0.980077988312016
AS12-48-7112,AS12,48,7112,1,0,,1638.707945525547,1716.8991710893072,93.0516282684949,0.005381058673469388,0.0008818957270408163,0.16580636160714285,0.003049266581632653,94.0,186.0,224.0,0.04591836734693878,8.039444550836647,1,0,0,0,0,0,0,0,1.0497947325751562
AS12-48-7113,AS12,48,7113,1,0,,1974.5187316280462,1984.617741191997,102.12097417091837,0.0038464604591836736,0.000652702487244898,0.14677335778061223,0.003283442283163265,108.0,187.0,224.0,0.00510204081632653,6.225829064425769,1,0,0,0,0,0,0,0,1.205436805962283
AS12-48-7114,AS12,48,7114,1,0,,794.498353696376,827.6126784802345,102.87451171875,0.005939094387755102,0.00047831632653061223,0.16068439094387754,0.0022819674744897957,105.0,208.0,221.0,0.04081632653061224,-5.247138901616438,1,0,0,0,0,0,0,0,0.2660017560712917
AS12-48-7115,AS12,48,7115,1,0,,333.31100380294083,377.6793982148041,105.01472317442602,0.02611308195153061,0.0,0.10178172831632654,0.0,115.0,178.0,192.0,0.12244897959183673,-4.899092453787765,1,0,0,0,0,0,0,0,-0.5766186273332188
AS12-48-7116,AS12,48,7116,1,0,,475.0796083875469,542.2477945249681,128.1745455994898,0.016068439094387755,0.0004185267857142857,0.08411391900510204,0.0018086336096938774,143.0,207.0,223.0,0.12755102040816327,1.701354605326124,1,0,0,0,0,0,0,0,-0.18814582772268595
AS12-48-7117,AS12,48,7117,1,0,,422.46446330144676,492.55093885116935,147.9891581632653,0.02121532206632653,3.985969387755102e-05,0.06304308832908163,0.0006277901785714286,160.0,223.0,233.0,0.14795918367346939,0.0,1,0,0,0,0,0,0,0,-0.2913926018814275
AS12-48-7118,AS12,48,7118,1,0,,811.4962862936818,828.0621574395855,122.27757294323979,0.00494758450255102,0.0004035794005102041,0.08050163424744898,0.002436423788265306,128.0,224.0,234.0,0.02040816326530612,-8.259437979878806,1,0,0,0,0,0,0,0,0.2665849373433304
AS12-48-7119,AS12,48,7119,1,0,,783.3593047863737,928.3279434885071,81.68687220982143,0.004230110012755102,0.0007922114158163265,0.3284438775510204,0.004514110331632653,73.0,184.0,233.0,0.15816326530612246,4.474896506246098,1,0,0,0,0,0,0,0,0.3893496227544995
AS12-48-7120,AS12,48,7120,1,0,,819.148776307398,948.633916325748,77.81392996651786,0.00506218112244898,0.0006576849489795918,0.37333087531887754,0.004414461096938775,61.0,181.0,232.0,0.1377551020408163,5.425226368420328,1,0,0,0,0,0,0,0,0.41259060810630516
AS12-48-7121,AS12,48,7121,1,0,,736.9119753057089,1101.6973037226246,54.840506417410715,0.0011559311224489796,0.0,0.5147580516581632,2.9894770408163265e-05,21.0,149.0,188.0,0.33163265306122447,-0.4658090827649937,1,0,0,0,0,0,0,0,0.5732570866521131
AS12-48-7122,AS12,48,7122,1,0,,649.5968760367435,1270.1764511169433,57.02987982302296,0.00027901785714285713,0.00016940369897959184,0.5965601084183674,0.0018634406887755102,11.0,174.0,217.0,0.4897959183673469,-1.032244691565731,1,0,0,0,0,0,0,0,0.7261037094623108
AS12-48-7123,AS12,48,7123,1,0,,192.3346868011168,351.86146210580165,54.851039341517854,0.00848014987244898,0.0,0.20362822863520408,0.0,50.0,111.0,146.0,0.45918367346938777,0.0,1,0,0,0,0,0,0,0,-0.6526727117809018
AS12-48-7124,AS12,48,7124,1,0,,763.7833870129256,925.8605257920391,93.9834283322704,0.00530632174744898,0.00042849170918367346,0.019894969706632654,0.0008320711096938776,88.0,182.0,207.0,0.17857142857142858,-6.271077449501146,1,0,0,0,0,0,0,0,0.3864909904635485
AS12-48-7125,AS12,48,7125,1,0,,493.97241682402546,520.2689682822073,112.85677415497449,0.0002491230867346939,0.0007523517219387755,0.15154655612244897,0.0027403539540816328,121.0,195.0,225.0,0.05102040816326531,0.0,1,0,0,0,0,0,0,0,-0.2325884729730478
AS12-48-7126,AS12,48,7126,1,0,,1084.3413546493232,1089.5887022751776,124.00368203922194,0.002276985012755102,0.00031887755102040814,0.0277523118622449,0.0076779735331632655,136.0,214.0,239.0,0.00510204081632653,0.0,1,0,0,0,0,0,0,0,0.5613865984852747
AS12-48-7127,AS12,48,7127,1,0,,1090.4141818112705,1117.985857243228,125.02963069993622,0.007204639668367347,0.0003786670918367347,0.05215142697704082,0.004803093112244898,141.0,206.0,236.0,0.025510204081632654,0.0,1,0,0,0,0,0,0,0,0.5890211643631845
AS12-48-7128,AS12,48,7128,1,0,,1101.0690360603508,1117.7723087105046,125.21940270248724,0.00785235969387755,0.000284000318877551,0.07154815051020408,0.004927654655612245,145.0,199.0,233.0,0.015306122448979591,-5.07960786001457,1,0,0,0,0,0,0,0,0.5888159815372135
AS12-48-7129,AS12,48,7129,1,0,,976.204725205501,981.0574238778038,123.61152742346938,0.007603236607142857,0.0001544563137755102,0.05083107461734694,0.004299864477040816,138.0,211.0,235.0,0.00510204081632653,1.4202655463990457,1,0,0,0,0,0,0,0,0.4486885350527768
AS12-48-7130,AS12,48,7130,1,0,,178.08866158863844,273.54237980306766,123.93301578443878,0.03699477838010204,6.975446428571428e-05,0.23297991071428573,0.003492705676020408,165.0,220.0,236.0,0.35714285714285715,5.165241044995761,1,0,0,0,0,0,0,0,-0.923107234301655
AS12-48-7131,AS12,48,7131,1,0,,213.3555722540242,311.3239256989134,106.00557537468113,0.0865902024872449,4.982461734693878e-05,0.3053402024872449,0.004045758928571429,120.0,218.0,236.0,0.32142857142857145,0.0,1,0,0,0,0,0,0,0,-0.7841447539816059
AS12-48-7132,AS12,48,7132,1,0,,188.51547794625546,275.9871542718128,122.37707270408163,0.00038364955357142856,0.0002242107780612245,0.23117625956632654,0.006522042410714286,156.0,220.0,239.0,0.32653061224489793,14.281095735970823,1,0,0,0,0,0,0,1,-0.9135502721052613
AS12-48-7133,AS12,48,7133,1,1,"Conrad at Surveyor 3, LM on the horizon",445.60874110107767,742.0052500583438,89.90636957908163,0.2810656489158163,0.00017438616071428572,0.3843371332908163,0.0016990194515306123,111.0,191.0,225.0,0.4030612244897959,0.0,1,0,0,0,0,0,0,0,0.148723386350444
AS12-48-7134,AS12,48,7134,1,0,,468.1755533909508,785.2624100231955,108.67917928890306,0.0005082110969387755,0.00023417570153061223,0.3319764429209184,0.00417530293367347,140.0,205.0,233.0,0.40816326530612246,0.0,1,0,0,0,0,0,0,0,0.20958286925846434
AS12-48-7135,AS12,48,7135,1,0,,415.26964820399473,635.6493341555429,122.67151128029337,0.0006377551020408163,0.00027901785714285713,0.25674625318877553,0.0056899713010204085,157.0,214.0,237.0,0.3520408163265306,0.0,1,0,0,0,0,0,0,0,-0.0174477452922089
AS12-48-7136,AS12,48,7136,1,0,,414.71787974537534,695.8506615402158,108.52563974808673,0.022739955357142856,0.000244140625,0.3204320790816326,0.00406070631377551,141.0,208.0,234.0,0.40816326530612246,0.6437457141753808,1,0,0,0,0,0,0,0,0.07974421295821374
AS12-48-7137,AS12,48,7137,1,0,,380.7063745333224,488.1684735313925,136.58189672353316,0.060736208545918366,0.00018435108418367346,0.14513412786989796,0.001136001275510204,156.0,229.0,236.0,0.22959183673469388,9.516020204968171,1,0,0,0,0,0,0,0,-0.3009920407349698
AS12-48-7138,AS12,48,7138,1,0,,1105.317525941275,1132.2120532459612,94.65433175223214,0.0008470184948979591,0.00047831632653061223,0.2650569993622449,0.0037119339923469387,88.0,206.0,234.0,0.025510204081632654,15.461217740441903,1,0,0,0,0,0,0,1,0.6026025192242318
AS12-48-7139,AS12,48,7139,1,0,,1920.5704880689939,2056.0717365916794,116.04577387595663,0.005146882971938775,0.00047333386479591835,0.2860829878826531,0.008345623405612245,135.0,224.0,239.0,0.0663265306122449,-6.34019174590991,1,0,0,0,0,0,0,0,1.2434282285633156
AS12-48-7140,AS12,48,7140,1,0,,845.0228893766796,1795.6191364713789,80.04754763233419,0.21888950892857142,0.0001992984693877551,0.5462472098214286,0.0020129145408163264,6.0,218.0,232.0,0.5306122448979592,4.327648203108186,1,0,0,0,0,0,0,0,1.0979460599406452
AS12-48-7141,AS12,48,7141,1,0,,1636.7692507513857,1852.1678867660328,117.31102020886479,9.466677295918367e-05,0.0005131935586734694,0.29196229272959184,0.006337691326530612,134.0,223.0,238.0,0.11734693877551021,6.911227119024681,1,0,0,0,0,0,0,0,1.131250149862222
AS12-48-7142,AS12,48,7142,1,0,,323.1945692519752,496.0024952942552,121.80791613520408,0.0,0.0,0.0003736846301020408,0.0,169.0,202.0,210.0,0.35714285714285715,,0,0,0,0,0,0,0,0,-0.28389217753229934
AS12-48-7143,AS12,48,7143,1,0,,488.0517131926765,763.7775183068851,124.81789102359694,0.19958246970663265,9.964923469387754e-06,0.3635204081632653,0.0008818957270408163,183.0,229.0,236.0,0.3673469387755102,2.4263358316023576,1,0,0,0,0,0,0,0,0.1797862050036627
AS12-48-7144,AS12,48,7144,1,0,,1470.0899696572283,1663.4798589225456,92.11112384406887,0.00021424585459183673,0.0004982461734693878,0.32558394451530615,0.0047383211096938774,53.0,210.0,231.0,0.11734693877551021,3.772283609379837,1,0,0,0,0,0,0,0,1.0158448491006102
AS12-48-7145,AS12,48,7145,1,0,,1082.4262464594613,1340.5442737468331,94.3011698820153,0.09018255739795919,0.00031887755102040814,0.43544224330357145,0.004185267857142857,77.0,211.0,234.0,0.19387755102040816,19.932536561939525,1,0,0,0,0,0,0,1,0.7840183197921989
AS12-48-7146,AS12,48,7146,1,0,,989.1483481187266,1295.8099535477334,141.11044622927295,0.11587213010204081,0.00018435108418367346,0.22221779336734693,0.003786670918367347,183.0,222.0,235.0,0.23979591836734693,-11.040940180323732,1,0,0,0,0,0,0,1,0.7475640834435587
AS12-48-7147,AS12,48,7147,1,0,,706.8916209958237,1057.7398387908372,158.9543307557398,0.10024713010204081,3.487723214285714e-05,0.18181999362244897,0.0017637914540816326,200.0,226.0,233.0,0.336734693877551,2.105514188856042,1,0,0,0,0,0,0,0,0.5295228745053764
AS12-48-7148,AS12,48,7148,1,0,,780.1647707149915,821.7364407937532,138.49933235012756,0.0014598612882653062,0.0004384566326530612,0.09369021045918367,0.0036122847576530613,161.0,198.0,232.0,0.05102040816326531,3.6411852579013417,1,0,0,0,0,0,0,0,0.25834829568972023
AS12-48-7149,AS12,48,7149,1,0,,966.4756151699165,980.9099992542491,141.5751504703444,0.0032585299744897957,0.0004035794005102041,0.030074139030612245,0.003622249681122449,157.0,196.0,229.0,0.015306122448979591,6.410840020232449,1,0,0,0,0,0,0,0,0.44852711872015705
AS12-48-7150,AS12,48,7150,1,0,,1163.2152389635,1174.9056088876011,130.18268195950256,0.010079520089285714,0.0001096141581632653,0.08273875956632654,0.001345264668367347,150.0,187.0,213.0,0.01020408163265306,3.333850661536574,1,0,0,0,0,0,0,0,0.6423593174777544
AS12-48-7151,AS12,48,7151,1,0,,157.3052079876926,499.42980020426194,63.7317044005102,0.6311234454719388,0.00025410554846938777,0.6367087850765306,0.0009865274234693877,0.0,197.0,212.0,0.6887755102040817,0.0,1,0,0,0,0,0,0,0,-0.27649592089350084
AS12-48-7152,AS12,48,7152,1,0,,146.8043326189348,469.9180138267412,62.31474210778061,0.6219108737244898,0.000244140625,0.6282037228954082,0.0008420360331632653,0.0,191.0,208.0,0.6938775510204082,0.0,1,0,0,0,0,0,0,0,-0.34191724637581583
AS12-48-7153,AS12,48,7153,1,0,,270.5438675345207,411.2006549402099,109.11223991549745,0.3234315210459184,1.992984693877551e-05,0.3882433832908163,0.00023915816326530612,149.0,210.0,218.0,0.35714285714285715,-3.873489724344577,1,0,0,0,0,0,0,0,-0.4852830145115351
AS12-48-7154,AS12,48,7154,1,0,,231.2314673379678,443.34088305669974,97.75805165816327,0.425048828125,0.0,0.44038484534438777,8.96843112244898e-05,128.0,210.0,222.0,0.49489795918367346,4.000185760513104,1,0,0,0,0,0,0,0,-0.4044497859228296
AS12-48-7155,AS12,48,7155,1,0,,111.59173703104297,228.5389353733572,70.92129703443878,0.5109066087372449,0.00010463169642857142,0.5625298947704082,0.005007374043367347,3.0,219.0,235.0,0.5204081632653061,,0,0,0,0,0,0,0,0,-1.1161742464458575
AS12-48-7156,AS12,48,7156,1,0,,377.84565770362923,692.8893115110523,103.38685825892857,0.3599230707908163,4.982461734693877e-06,0.445621412627551,0.00011459661989795919,125.0,224.0,231.0,0.45918367346938777,,0,0,0,0,0,0,0,0,0.0751634406501039
AS12-48-7157,AS12,48,7157,1,0,,231.51344343762952,402.4525052856426,99.18080357142857,0.3559470663265306,0.0,0.4584412866709184,0.0007124920280612245,110.0,228.0,235.0,0.42857142857142855,,0,0,0,0,0,0,0,0,-0.508380402168345
AS12-48-7158,AS12,48,7158,1,0,,272.13771148164386,813.1009792630348,55.58808494100765,4.48421556122449e-05,0.0005829480229591837,0.737419284119898,0.00625797193877551,15.0,220.0,238.0,0.6683673469387755,,0,0,0,0,0,0,0,0,0.24700121187466176
AS12-48-7159,AS12,48,7159,1,0,,610.6236777001498,763.0831812218096,143.0455247528699,0.006865832270408163,0.00012954400510204082,0.1686961894132653,0.0026008450255102043,177.0,231.0,236.0,0.20408163265306123,-1.8476102659945959,1,0,0,0,0,0,0,0,0.17880932726106813
AS12-48-7160,AS12,48,7160,1,0,,1543.5796941636452,1609.1223187926885,126.58934052136479,0.008226044323979591,0.0002491230867346939,0.101318359375,0.0010413345025510204,143.0,201.0,216.0,0.04081632653061224,-22.932100437589785,1,0,0,0,0,0,0,1,0.9801606656498094
AS12-48-7161,AS12,48,7161,1,0,,1140.3220138969843,1458.6029645897067,98.4708326690051,0.00026905293367346936,5.480707908163265e-05,0.3322056361607143,0.00204280931122449,77.0,220.0,233.0,0.2193877551020408,0.0,1,0,0,0,0,0,0,0,0.8746748673231813
AS12-48-7162,AS12,48,7162,1,0,,576.1159477185976,705.2917550161108,85.87150729432398,0.004399513711734694,0.00033880739795918367,0.27274493781887754,0.002570950255102041,98.0,162.0,216.0,0.1836734693877551,0.0,1,0,0,0,0,0,0,0,0.09421912153489832
AS12-48-7163,AS12,48,7163,1,0,,1228.64149954745,1321.9018613501541,137.31076112085458,0.0005082110969387755,0.0003637197066326531,0.09790537308673469,0.0019331951530612245,152.0,205.0,218.0,0.07142857142857142,-7.891702428235704,1,0,0,0,0,0,0,0,0.7689765957062241
AS12-48-7164,AS12,48,7164,1,0,,567.5546127541121,847.9832017096763,78.6021504304847,0.00041354432397959186,0.0004185267857142857,0.3966089365433674,0.0026705994897959183,67.0,171.0,220.0,0.33163265306122447,-25.319686910309642,1,0,0,0,0,0,0,1,0.29211877099201755
AS12-48-7165,AS12,48,7165,1,0,,259.6566426904933,507.0859930495262,62.84689393335459,0.0001544563137755102,0.00045838647959183676,0.5571089764030612,0.0032336176658163264,14.0,173.0,224.0,0.4897959183673469,-7.907162702958458,1,0,0,0,0,0,0,0,-0.2601552498888413
AS12-48-7166,AS12,48,7166,1,0,,310.24895990952405,624.3489555327872,73.41007653061224,0.0012256855867346938,0.0003786670918367347,0.5501036352040817,0.0029197225765306123,13.0,183.0,217.0,0.5051020408163265,1.8357747405456943,1,0,0,0,0,0,0,0,-0.03671429394371521
AS12-48-7167,AS12,48,7167,1,0,,432.35291706299296,880.2862843126059,83.68446568080357,0.024618343431122448,0.00023417570153061223,0.5332280373086735,0.0009117904974489796,11.0,215.0,226.0,0.5102040816326531,4.467159061389273,1,0,0,0,0,0,0,0,0.3322749449647832
AS12-48-7168,AS12,48,7168,1,0,,314.6182279288644,633.9809901075012,80.7228704958546,0.492740553252551,0.00027403539540816324,0.5260333625637755,0.0014598612882653062,6.0,214.0,230.0,0.5051020408163265,0.0,1,0,0,0,0,0,0,0,-0.020270530410484162
AS12-48-7169,AS12,48,7169,1,0,,366.54869803541754,572.8032667932102,110.08222556600765,0.29420938297193877,6.477200255102041e-05,0.35120376275510207,0.0014698262117346938,141.0,219.0,230.0,0.3673469387755102,-2.8624052261117474,1,0,0,0,0,0,0,0,-0.12926522788037817
AS12-48-7170,AS12,48,7170,1,0,,213.19734160714424,445.42482024904456,98.3896185427296,0.0014847735969387755,4.982461734693878e-05,0.46963687818877553,0.0032336176658163264,39.0,226.0,236.0,0.5306122448979592,,0,0,0,0,0,0,0,0,-0.39941283900616886
AS12-48-7171,AS12,48,7171,1,0,,27.844245049418234,237.88024990617734,26.749068279655614,4.982461734693877e-06,0.0,0.8561363998724489,0.0,20.0,82.0,145.0,0.8877551020408163,16.011177478808456,1,0,1,0,1,1,1,1,-4.573145479015455
AS12-49-7172,AS12,49,7172,1,0,,57.22435351770552,110.11940615501403,168.84098971619898,0.0,0.0,7.473692602040816e-05,0.0,182.0,218.0,220.0,0.4897959183673469,,0,0,0,1,1,0,1,0,-3.900409138441179
AS12-49-7173,AS12,49,7173,1,0,,237.64290158461154,376.9490428798236,69.07917131696429,6.975446428571428e-05,0.0,0.4004753268494898,0.0,76.0,152.0,165.0,0.37244897959183676,3.0127875041833403,1,0,0,0,0,0,0,0,-0.5786977035573193
AS12-49-7174,AS12,49,7174,1,0,,289.65279828593515,415.9431364894635,74.21450992506378,0.00014449139030612245,0.0,0.3024354272959184,0.0,82.0,152.0,164.0,0.30612244897959184,0.0,1,0,0,0,0,0,0,0,-0.4729661933862222
AS12-49-7175,AS12,49,7175,1,0,,286.71306704481856,406.1642640960039,71.44326969068878,0.00016442123724489795,0.0,0.3138054049744898,0.0,79.0,143.0,157.0,0.29591836734693877,4.763641690726178,1,0,0,0,0,0,0,0,-0.49851966701634004
AS12-49-7176,AS12,49,7176,1,0,,337.03994945911796,480.5415152747347,76.03246073820154,8.96843112244898e-05,0.0,0.3462711256377551,0.0,86.0,155.0,167.0,0.3010204081632653,2.9903449751653746,1,0,0,0,0,0,0,0,-0.31790563098614616
AS12-49-7177,AS12,49,7177,1,0,,513.3208393126117,743.8411375441375,93.96098234215562,0.00011459661989795919,6.477200255102041e-05,0.3337302694515306,0.000572983099489796,108.0,190.0,202.0,0.3112244897959184,4.253836436119192,1,0,0,0,0,0,0,0,0.15137763502631668
AS12-49-7178,AS12,49,7178,1,0,,524.6281607795239,760.1051971347113,99.0112005739796,0.0001992984693877551,0.0001096141581632653,0.32871293048469385,0.0008818957270408163,117.0,193.0,206.0,0.3112244897959184,-1.2364076028561433,1,0,0,0,0,0,0,0,0.17460943114555946
AS12-49-7179,AS12,49,7179,1,0,,548.9209264761355,795.5705252413757,102.41789899553571,0.00014947385204081633,0.0004035794005102041,0.3333715322066326,0.0014947385204081632,122.0,202.0,213.0,0.3112244897959184,10.813877513624963,1,0,0,0,0,0,0,1,0.22359062898509272
AS12-49-7180,AS12,49,7180,1,0,,337.68757553609,485.4143016229039,71.9137884646046,0.0002889827806122449,0.0,0.36776546556122447,0.0,78.0,154.0,166.0,0.30612244897959184,5.937416099481517,1,0,0,0,0,0,0,0,-0.3070690312821445
AS12-49-7181,AS12,49,7181,1,0,,423.8601051799857,568.0907409703403,79.28234614158163,0.0005032286352040816,0.0,0.3148616868622449,0.0,89.0,157.0,170.0,0.25510204081632654,4.5288242369325395,1,0,0,0,0,0,0,0,-0.13813842548703398
AS12-49-7182,AS12,49,7182,1,0,,377.78228819256077,559.8825152013912,78.17063436702806,0.00030393016581632654,0.0,0.36976841517857145,4.982461734693877e-06,87.0,163.0,175.0,0.32653061224489793,5.9468630539735,1,0,0,0,0,0,0,0,-0.15377088800980968
AS12-49-7183,AS12,49,7183,1,0,,477.9068649527134,678.4986883930939,75.0114447146046,0.00047333386479591835,1.992984693877551e-05,0.40297154017857145,0.00013950892857142856,70.0,164.0,178.0,0.29591836734693877,0.3063916222707099,1,0,0,0,0,0,0,0,0.05262081830776642
AS12-49-7184,AS12,49,7184,1,0,,444.5509126806745,654.860201679553,75.49872448979592,0.0005480707908163265,1.4947385204081632e-05,0.4183374521683674,0.0001544563137755102,67.0,166.0,181.0,0.32142857142857145,1.7489460445542309,1,0,0,0,0,0,0,0,0.014532889644423739
AS12-49-7185,AS12,49,7185,1,0,,467.5873162619326,744.6585852588126,77.42361886160714,0.00045838647959183676,6.477200255102041e-05,0.43936344068877553,0.0003637197066326531,61.0,176.0,189.0,0.37244897959183676,7.655167056832921,1,0,0,0,0,0,0,0,0.1525573592829996
AS12-49-7186,AS12,49,7186,1,0,,450.5581512103374,678.365998058827,70.55272441007654,4.48421556122449e-05,0.0,0.3304069674744898,4.982461734693877e-06,54.0,157.0,172.0,0.336734693877551,0.3536731592464612,1,0,0,0,0,0,0,0,0.05241074446036939
AS12-49-7187,AS12,49,7187,1,0,,478.3404631890739,650.3351675381907,76.32670998086735,5.480707908163265e-05,0.0,0.24277543048469388,4.982461734693877e-06,69.0,161.0,176.0,0.2653061224489796,6.155168343274003,1,0,0,0,0,0,0,0,0.007085272968614219
AS12-49-7188,AS12,49,7188,1,0,,520.0498233510524,716.9767348060672,79.76450892857143,5.978954081632653e-05,0.0,0.18346918845663265,4.48421556122449e-05,63.0,171.0,187.0,0.2755102040816326,2.3441324740698417,1,0,0,0,0,0,0,0,0.11186833632344541
AS12-49-7189,AS12,49,7189,1,0,,666.6009459154947,697.9683736507537,115.87601143973214,0.00016442123724489795,0.0002889827806122449,0.1495735012755102,0.0010712292729591836,135.0,180.0,197.0,0.04591836734693878,8.447527247908466,1,0,0,0,0,0,0,0,0.08300806229268112
AS12-49-7190,AS12,49,7190,1,0,,503.06570864833435,567.7513987607381,125.36698321906887,4.48421556122449e-05,0.00039361447704081633,0.1456024792729592,0.0011061065051020409,149.0,189.0,205.0,0.11734693877551021,0.3558698306218785,1,0,0,0,0,0,0,0,-0.13878020989081105
AS12-49-7191,AS12,49,7191,1,0,,627.5238700286144,701.4073341193996,120.02440409757654,0.00012954400510204082,0.00018933354591836734,0.1416613520408163,0.0006776147959183673,139.0,178.0,188.0,0.10714285714285714,0.6295986084102668,1,0,0,0,0,0,0,0,0.08828719970912507
AS12-49-7192,AS12,49,7192,1,0,,446.8067265680709,595.5034039021433,112.23072783801021,0.00012456154336734694,0.000204280931122449,0.26835538903061223,0.0006726323341836735,138.0,190.0,201.0,0.25510204081632654,2.981461219982192,1,0,0,0,0,0,0,0,-0.08752108728055014
AS12-49-7193,AS12,49,7193,1,0,,696.167428854752,703.1083253610273,103.96543666294643,0.00022919323979591838,0.0,0.14833785076530612,7.473692602040816e-05,119.0,162.0,182.0,0.01020408163265306,0.0,1,0,0,0,0,0,0,0,0.09088882618556007
AS12-49-7194,AS12,49,7194,1,0,,668.3814967104367,706.3997755064313,112.07593271683673,0.00016442123724489795,1.4947385204081632e-05,0.14289202008928573,0.0001793686224489796,128.0,168.0,191.0,0.05612244897959184,4.573921259900861,1,0,0,0,0,0,0,0,0.09590519817468342
AS12-49-7195,AS12,49,7195,1,0,,673.1427451883044,683.1992173277198,101.41774952168367,0.0003587372448979592,0.0,0.16142179528061223,9.964923469387754e-06,117.0,164.0,183.0,0.015306122448979591,2.3278150890411546,1,0,0,0,0,0,0,0,0.06003625831135863
AS12-49-7196,AS12,49,7196,1,0,,618.1093255946012,664.1811406978907,110.40107322225765,0.0003736846301020408,2.491230867346939e-05,0.15759028220663265,0.0002242107780612245,130.0,171.0,188.0,0.07142857142857142,9.761774775042245,1,0,0,0,0,0,0,0,0.02971309782340305
AS12-49-7197,AS12,49,7197,1,0,,893.0505696565397,926.1034249716365,104.4693827726403,0.00031887755102040814,6.975446428571428e-05,0.09173708545918367,0.00017438616071428572,114.0,165.0,184.0,0.03571428571428571,2.8912695962205643,1,0,0,0,0,0,0,0,0.3867727397088059
AS12-49-7198,AS12,49,7198,1,0,,771.4704670995436,795.7465263360094,102.4770806760204,0.00014947385204081633,4.982461734693877e-06,0.057049186862244895,6.477200255102041e-05,110.0,166.0,183.0,0.030612244897959183,4.014175695411026,1,0,0,0,0,0,0,0,0.22382821884083284
AS12-49-7199,AS12,49,7199,1,0,,886.8710917854298,886.8710917854298,125.31089564732143,0.0003288424744897959,0.000204280931122449,0.04690489477040816,0.001051299426020408,137.0,180.0,196.0,0.0,10.124671655397817,1,0,0,0,0,0,0,1,0.3402795351746034
AS12-49-7200,AS12,49,7200,1,0,,895.1525048613548,895.1525048613547,114.2785943478954,0.00022919323979591838,0.000244140625,0.07340162627551021,0.000896843112244898,125.0,172.0,190.0,0.0,1.8778774472853594,1,0,0,0,0,0,0,0,0.3502625878652923
AS12-49-7201,AS12,49,7201,1,0,,560.5347500943433,778.0287221755835,78.76472815688776,3.487723214285714e-05,0.00014449139030612245,0.16695232780612246,0.0003587372448979592,60.0,165.0,183.0,0.28061224489795916,-2.489552921999156,1,0,0,0,0,0,0,0,0.199642735264712
AS12-49-7202,AS12,49,7202,1,0,,363.1127173839783,640.4955288627184,54.00902822066327,0.0005281409438775511,0.00015943877551020407,0.5228246572066326,0.0011908083545918368,22.0,141.0,167.0,0.4336734693877551,6.34019174590991,1,0,0,0,0,0,0,0,-0.009289961148407138
AS12-49-7203,AS12,49,7203,1,0,,298.6632146680419,602.9824240736506,62.2060696348852,0.00029894770408163266,2.9894770408163265e-05,0.5593361367984694,9.964923469387755e-05,16.0,164.0,182.0,0.5051020408163265,3.3018656744350032,1,0,0,0,0,0,0,0,-0.07411547424812591
AS12-49-7204,AS12,49,7204,1,0,,323.1421890233964,652.034384464759,83.13652443399235,1.992984693877551e-05,4.982461734693877e-06,0.5005032286352041,0.00013950892857142856,24.0,198.0,214.0,0.5051020408163265,6.2772984895975545,1,0,0,0,0,0,0,0,0.009888021136219224
AS12-49-7205,AS12,49,7205,1,0,,203.8348538070011,462.37611713132236,91.28342235331633,1.4947385204081632e-05,0.0,0.4857700892857143,0.0,30.0,210.0,218.0,0.5663265306122449,2.7791668640720806,1,0,0,0,0,0,0,0,-0.35929550846439623
AS12-49-7206,AS12,49,7206,1,0,,84.86427408454318,210.22666000010173,82.31477698501276,9.964923469387754e-06,0.0,0.48850047831632654,0.0,29.0,188.0,196.0,0.6173469387755102,0.0,1,0,0,0,0,0,0,0,-1.2058822802645677
AS12-49-7207,AS12,49,7207,1,0,,70.45942138265143,185.67841995005298,94.58917610012755,4.982461734693877e-06,0.0,0.454410475127551,0.0,111.0,199.0,206.0,0.6479591836734694,0.0,1,0,0,0,0,0,0,0,-1.3392516284208096
AS12-49-7208,AS12,49,7208,1,0,,151.42982475380757,290.8999884390831,89.27065728635205,4.982461734693877e-06,0.0,0.4275450414540816,0.0,90.0,188.0,196.0,0.4897959183673469,1.123302714075429,1,0,0,0,0,0,0,0,-0.8570262531751889
AS12-49-7209,AS12,49,7209,1,0,,284.9832030057609,515.2127387604595,94.8097148038903,2.491230867346939e-05,9.964923469387754e-06,0.4679478236607143,0.00017438616071428572,75.0,211.0,223.0,0.4489795918367347,1.8183029644518336,1,0,0,0,0,0,0,0,-0.24307802739129358
AS12-49-7210,AS12,49,7210,1,0,,428.54926457329617,723.1242604927559,81.41641422193878,2.491230867346939e-05,0.00021424585459183673,0.4345005580357143,0.0009267378826530613,88.0,176.0,193.0,0.40816326530612246,-0.9710219310791666,1,0,0,0,0,0,0,0,0.12103854627973612
AS12-49-7211,AS12,49,7211,1,0,,445.6130316121436,779.0207928071674,74.82444794323979,7.971938775510203e-05,0.000323860012755102,0.4470314492984694,0.0011260363520408164,73.0,165.0,182.0,0.42857142857142855,0.0,1,0,0,0,0,0,0,0,0.20101143904933513
AS12-49-7212,AS12,49,7212,1,0,,411.8906923441627,701.5584116180362,71.6321099728954,9.466677295918367e-05,0.0,0.45607959980867346,4.982461734693877e-06,67.0,159.0,174.0,0.413265306122449,6.892423122485141,1,0,0,0,0,0,0,0,0.08851852438342613
AS12-49-7213,AS12,49,7213,1,0,,179.53499613397568,199.38323309669687,105.0440599091199,4.982461734693877e-06,0.0,0.03506158322704082,4.982461734693877e-06,112.0,163.0,211.0,0.10204081632653061,0.0,1,0,0,0,0,0,0,0,-1.2627632301092582
AS12-49-7214,AS12,49,7214,1,0,,75.18775291551604,93.13380636443458,153.64996711575256,1.992984693877551e-05,0.0,0.0012007732780612245,0.0,153.0,213.0,224.0,0.20918367346938777,,0,0,0,0,0,0,0,0,-2.080348749832136
AS12-49-7215,AS12,49,7215,1,0,,56.800519778399796,76.66892543675655,172.23821647799744,0.0,0.0,0.00016940369897959184,0.0,172.0,218.0,228.0,0.3010204081632653,,0,0,0,1,1,0,1,0,-4.289302341877777
AS12-49-7216,AS12,49,7216,1,0,,32.978065242473406,72.99253888737755,182.5789122289541,0.0,0.0,0.00570491868622449,0.0,183.0,226.0,230.0,0.6275510204081632,,0,0,0,1,1,0,1,0,-4.342082148577434
AS12-49-7217,AS12,49,7217,1,0,,704.5485351931696,738.3091163297898,83.30676020408163,0.0008569834183673469,9.964923469387754e-06,0.24204799107142858,0.0003736846301020408,92.0,156.0,177.0,0.04591836734693878,1.0658450275615836,1,0,0,0,0,0,0,0,0.14335969394671585
AS12-49-7218,AS12,49,7218,1,0,,618.578572512666,651.5257219624582,99.41706692442602,0.0006576849489795918,6.477200255102041e-05,0.2067821269132653,0.00033880739795918367,113.0,174.0,185.0,0.05102040816326531,13.834853156658731,1,0,0,0,0,0,0,1,0.00904978201849458
AS12-49-7219,AS12,49,7219,1,0,,581.106959167767,615.5501928229432,90.18339445153062,0.0010662468112244898,9.964923469387754e-06,0.2012316645408163,7.473692602040816e-05,98.0,175.0,212.0,0.05612244897959184,2.533558888394575,1,0,0,0,0,0,0,0,-0.05195874441802947
AS12-49-7220,AS12,49,7220,1,0,,414.62333964219147,454.8926856528628,102.03835000797194,0.0008021763392857143,1.4947385204081632e-05,0.21774354272959184,0.00016442123724489795,118.0,178.0,213.0,0.09183673469387756,3.2336121248878653,1,0,0,0,0,0,0,0,-0.37682151780290973
AS12-49-7221,AS12,49,7221,1,0,,472.5948627518148,601.4219154527445,66.06251494738521,0.0011609135841836734,0.0,0.35586236447704084,1.4947385204081632e-05,63.0,146.0,164.0,0.21428571428571427,0.0,1,0,0,0,0,0,0,0,-0.07689879554865217
AS12-49-7222,AS12,49,7222,1,0,,543.098293476207,682.2492010447244,74.81884765625,0.0007672991071428571,0.0,0.31276407047193877,9.964923469387754e-06,77.0,155.0,175.97000000000116,0.20408163265306123,-4.763641690726178,1,0,0,0,0,0,0,0,0.05854165802897209
AS12-49-7223,AS12,49,7223,1,0,,499.37347052048665,864.5724415641319,56.58697883450255,0.00013950892857142856,0.0,0.45893953284438777,0.0,28.0,159.0,184.0,0.42346938775510207,1.8881880067409305,1,0,0,0,0,0,0,0,0.3129284134930147
AS12-49-7224,AS12,49,7224,1,0,,416.91270139144393,777.0476659428776,64.38211993781887,0.00043347417091836734,2.491230867346939e-05,0.5507862324617347,0.00020926339285714285,16.0,175.0,193.0,0.4642857142857143,1.4202655463990457,1,0,0,0,0,0,0,0,0.19828751005661135
AS12-49-7225,AS12,49,7225,1,0,,466.5286928843529,708.4192391323876,84.74501255580357,0.0003687021683673469,0.0,0.4113869180484694,4.982461734693877e-06,96.0,176.0,190.0,0.34183673469387754,0.7538483330707672,1,0,0,0,0,0,0,0,0.09897142784510515
AS12-49-7226,AS12,49,7226,1,0,,464.86282971517494,678.592509710117,107.6558912627551,0.00019431600765306122,2.9894770408163265e-05,0.3418466996173469,0.0003288424744897959,138.0,204.0,215.0,0.3163265306122449,2.8387878410053813,1,0,0,0,0,0,0,0,0.05276933037099958
AS12-49-7227,AS12,49,7227,1,0,,270.92016281886976,456.0605770342562,109.09428312340562,2.491230867346939e-05,0.0,0.37131297831632654,3.487723214285714e-05,147.0,203.0,211.0,0.413265306122449,3.865461169851747,1,0,0,0,0,0,0,0,-0.37406744234344236
AS12-49-7228,AS12,49,7228,1,0,,153.69623966010496,286.73183194876486,117.26334801498724,9.964923469387754e-06,0.0,0.3715919961734694,1.4947385204081632e-05,164.0,213.0,220.0,0.4846938775510204,3.442215285897377,1,0,0,0,0,0,0,0,-0.8725276089519374
AS12-49-7229,AS12,49,7229,1,0,,259.78969790209635,399.4414756813217,115.63614078443878,2.491230867346939e-05,0.0,0.34652523118622447,9.964923469387754e-06,158.0,201.0,210.0,0.3520408163265306,1.9305874411669917,1,0,0,0,0,0,0,0,-0.5164466089747536
AS12-49-7230,AS12,49,7230,1,0,,345.516443742682,483.5793493406627,104.69086814413265,5.978954081632653e-05,0.0,0.3339295679209184,9.964923469387754e-06,137.0,185.0,195.0,0.2857142857142857,0.5968094512291772,1,0,0,0,0,0,0,0,-0.3111369625103296
AS12-49-7231,AS12,49,7231,1,0,,393.2952186393023,562.4961386711141,86.90453603316327,0.0006028778698979591,0.0,0.37717733577806123,0.0,107.0,170.0,182.0,0.3010204081632653,0.4696270196896474,1,0,0,0,0,0,0,0,-0.14876854293091596
AS12-49-7232,AS12,49,7232,1,0,,330.50686855285875,455.66500634414956,75.73473871970663,0.00047333386479591835,0.0,0.40076929209183676,0.0,89.0,153.0,165.0,0.2755102040816326,-0.3845296595845063,1,0,0,0,0,0,0,0,-0.3749994709244991
AS12-49-7233,AS12,49,7233,1,0,,418.91963545432543,655.8697451523437,68.77132493622449,0.0001096141581632653,0.0,0.40292669802295916,9.964923469387754e-06,36.0,160.0,174.0,0.3622448979591837,0.6295986084102668,1,0,0,0,0,0,0,0,0.016187444340605234
AS12-49-7234,AS12,49,7234,1,0,,755.5164152089131,783.0169085336323,93.60995794802295,0.0008221061862244898,5.480707908163265e-05,0.17262236926020408,0.00030393016581632654,105.0,160.0,184.0,0.03571428571428571,14.63827853837369,1,0,0,0,0,0,0,1,0.20650705951338186
AS12-49-7235,AS12,49,7235,1,0,,658.4876601858866,763.1823437216152,74.10740194515306,0.0011310188137755102,4.982461734693877e-06,0.29886798469387754,0.00015943877551020407,80.0,147.0,171.0,0.1377551020408163,13.091893064346847,1,0,0,0,0,0,0,1,0.17894889550433365
AS12-49-7236,AS12,49,7236,1,0,,576.102940185226,585.0328789433235,96.5851054288903,0.0006327726403061224,0.0,0.1061264349489796,0.0,108.0,142.0,166.0,0.015306122448979591,3.7152891054287687,1,0,0,0,0,0,0,0,-0.10657436706749893
AS12-49-7237,AS12,49,7237,1,0,,403.8781316515705,434.8376271624796,83.03729372608419,0.0006925621811224489,0.0,0.1651985012755102,0.0,96.0,130.0,151.0,0.07142857142857142,16.355817101017248,1,0,0,0,0,0,0,1,-0.42525083584752565
AS12-49-7238,AS12,49,7238,1,0,,546.3268399621635,551.9539447696598,104.04657106983419,0.00033880739795918367,0.0,0.05718869579081633,0.0,112.0,144.0,156.0,0.01020408163265306,0.0,1,0,0,0,0,0,0,0,-0.16908989372815583
AS12-49-7239,AS12,49,7239,1,0,,767.2227435255985,795.4992267906003,110.76824079241071,8.470184948979592e-05,0.0,0.0781997369260204,0.0,122.0,162.0,175.0,0.03571428571428571,0.0,1,0,0,0,0,0,0,0,0.22349436582514856
AS12-49-7240,AS12,49,7240,1,0,,453.1362139821946,538.1619861562849,95.38602618781887,0.00016442123724489795,6.975446428571428e-05,0.26338787468112246,0.00021424585459183673,116.0,163.0,179.0,0.15816326530612246,-6.34019174590991,1,0,0,0,0,0,0,0,-0.19626965715683986
AS12-49-7241,AS12,49,7241,1,0,,399.13877182928337,476.6641842707646,90.34686403858419,0.00015943877551020407,2.491230867346939e-05,0.2707469706632653,8.470184948979592e-05,110.0,157.0,170.0,0.16326530612244897,-16.26020470831196,1,0,0,0,0,0,0,1,-0.32660723301753436
AS12-49-7242,AS12,49,7242,1,0,,835.1258276049072,835.1258276049072,95.49086216517857,0.0004384566326530612,3.487723214285714e-05,0.09915597098214286,0.0007822464923469387,100.0,172.0,216.0,0.0,-0.47350805873492635,1,0,0,0,0,0,0,0,0.27570842573335913
AS12-49-7243,AS12,49,7243,1,0,,670.9800509436336,670.9800509436336,102.47178930165816,0.00041354432397959186,0.0,0.07522520727040816,0.0,108.0,179.0,213.0,0.0,-3.6084688525663444,1,0,0,0,0,0,0,0,0.040652122473486034
AS12-49-7244,AS12,49,7244,1,0,,72.5472905807374,85.70782600966665,140.8577108577806,0.0,0.0,0.018255739795918366,0.0,143.0,207.0,222.0,0.17346938775510204,0.0,1,0,0,0,0,0,0,0,-2.1695979207874574
AS12-49-7245,AS12,49,7245,1,0,,32.41662744103447,55.11888485649486,177.62043606505102,0.0,0.0,0.003218670280612245,0.0,180.0,226.0,230.0,0.5408163265306123,,0,0,0,1,1,0,1,0,-4.643755264867801
AS12-49-7246,AS12,49,7246,1,0,,61.42799677443176,75.9649467110609,155.29725366709184,0.0,0.0,0.003826530612244898,0.0,154.0,218.0,224.0,0.20918367346938777,-0.4658090827649937,1,0,0,0,1,0,1,0,-2.29921022630765
AS12-49-7247,AS12,49,7247,1,0,,131.9767176426733,156.34540410455958,120.76750837053571,2.491230867346939e-05,0.0,0.020796795280612245,0.0,128.0,163.0,170.0,0.16326530612244897,-19.880352364642647,1,0,0,0,0,0,0,1,-1.52393925353941
AS12-49-7248,AS12,49,7248,1,0,,200.12195924449492,270.0215234736058,58.97118144132653,0.00022919323979591838,0.0,0.30539500956632654,0.0,64.0,113.0,125.0,0.2602040816326531,-0.9315565980774848,1,0,0,0,0,0,0,0,-0.9370219074288874
AS12-49-7249,AS12,49,7249,1,0,,185.736113877929,324.44039468862576,53.290901028380105,0.0003985969387755102,0.0,0.4828304368622449,0.0,41.0,119.0,131.0,0.42857142857142855,0.6030911943805325,1,0,0,0,0,0,0,0,-0.7398194570012562
AS12-49-7250,AS12,49,7250,1,0,,1125.1888390476133,1884.1640101074083,91.4114915497449,0.25547074298469385,0.00011957908163265306,0.47847576530612246,0.0005181760204081633,76.0,210.0,222.0,0.4030612244897959,-1.4232048466331204,1,0,0,0,0,0,0,0,1.149646504404283
AS12-49-7251,AS12,49,7251,1,0,,786.6662295086091,1376.1103097412508,91.45762914540816,0.47263133769132654,0.00011459661989795919,0.48710040656887754,0.0007075095663265306,83.0,212.0,225.0,0.42857142857142855,-2.815556684211228,1,0,0,0,0,0,0,0,0.8121434858269709
AS12-49-7252,AS12,49,7252,1,0,,802.9489690532589,1287.9228347264063,98.70140106823979,0.42055963010204084,0.00031887755102040814,0.43600526147959184,0.002202248086734694,133.0,210.0,224.0,0.37755102040816324,-7.125016348901798,1,0,0,0,0,0,0,0,0.7410065369923987
AS12-49-7253,AS12,49,7253,1,0,,588.6828200877433,1046.9805927040165,107.78143435108419,0.005042251275510204,0.0002889827806122449,0.44918885522959184,0.002810108418367347,148.0,223.0,233.0,0.4387755102040816,0.0,1,0,0,0,0,0,0,0,0.5185414053379559
AS12-49-7254,AS12,49,7254,1,0,,390.35749654162186,649.670959913789,106.0054009885204,0.41029575892857145,5.978954081632653e-05,0.4220444036989796,0.00308414381377551,146.0,220.0,236.0,0.4030612244897959,-1.4320961841646465,1,0,0,0,0,0,0,0,0.005987714324234702
AS12-49-7255,AS12,49,7255,1,0,,195.655305713651,487.2881612225945,85.07355110012755,0.5465959821428571,4.48421556122449e-05,0.5529934630102041,0.0028449856505102043,1.0,225.0,235.0,0.6020408163265306,0.0,1,0,0,0,0,0,0,0,-0.3029306851789096
AS12-49-7256,AS12,49,7256,1,0,,194.39164871374598,487.2116069455918,82.91892040019133,0.5417978714923469,3.487723214285714e-05,0.5485391422193877,0.0007872289540816327,1.0,219.0,230.0,0.6071428571428571,0.0,1,0,0,0,0,0,0,0,-0.30309944029949437
AS12-49-7257,AS12,49,7257,1,0,,202.65869278840253,489.99600337982173,81.4747090242347,0.5339604591836735,7.971938775510203e-05,0.5393664301658163,0.0007971938775510204,1.0,215.0,228.0,0.5918367346938775,0.0,1,0,0,0,0,0,0,0,-0.29697854933334616
AS12-49-7258,AS12,49,7258,1,0,,628.3941551150505,1097.8396500130088,96.58660016741071,0.4340272241709184,9.964923469387754e-06,0.44038484534438777,0.0004185267857142857,126.0,214.0,230.0,0.42857142857142855,2.5857943424244905,1,0,0,0,0,0,0,0,0.5694895137746318
AS12-49-7259,AS12,49,7259,1,0,,760.4173341963202,1330.0629213099578,95.0009466677296,0.38185586734693877,9.964923469387754e-06,0.4790786431760204,0.002725406568877551,89.0,216.0,231.0,0.42857142857142855,5.46384281323664,1,0,0,0,0,0,0,0,0.7755873258124568
AS12-49-7260,AS12,49,7260,1,0,,884.0250946998794,1546.6140981082406,83.41957310267857,0.45430584343112246,0.0005131935586734694,0.47715541294642855,0.0015445631377551021,74.0,195.0,214.0,0.42857142857142855,0.0,1,0,0,0,0,0,0,0,0.9376045027339925
AS12-49-7261,AS12,49,7261,1,0,,1103.1951932914799,1623.773124640048,107.32577327806122,0.0038813376913265306,4.48421556122449e-05,0.34987842793367346,0.0003537547831632653,117.0,214.0,225.0,0.32142857142857145,4.04720191512218,1,0,0,0,0,0,0,0,0.9898958026289254
AS12-49-7262,AS12,49,7262,1,0,,998.1770237525619,1206.3730185470138,118.82468710140306,0.006153340242346939,0.0001096141581632653,0.08057138871173469,0.00038364955357142856,119.0,210.0,222.0,0.17346938775510204,0.0,1,0,0,0,0,0,0,0,0.6707480041008295
AS12-49-7263,AS12,49,7263,1,0,,626.6541777949737,1060.4141496215561,96.2399603396046,0.00013950892857142856,0.0005032286352040816,0.5184052136479592,0.026705994897959183,23.0,238.0,243.0,0.413265306122449,0.0,1,0,0,0,0,0,0,0,0.5322350876955054
AS12-49-7264,AS12,49,7264,1,0,,693.6420977480061,1330.458619714196,76.64681321747449,0.521354830994898,3.985969387755102e-05,0.603156887755102,0.004299864477040816,4.0,232.0,238.0,0.47959183673469385,-13.033356325913843,1,0,0,0,0,0,0,1,0.7759068227959129
AS12-49-7265,AS12,49,7265,1,0,,636.2167707511358,1352.1257746529488,74.99068777901786,0.5862364477040817,4.982461734693878e-05,0.6155034279336735,0.00772281568877551,2.0,233.0,240.0,0.5306122448979592,-19.776076602639197,1,0,0,0,0,0,0,1,0.793257929439923
AS12-49-7266,AS12,49,7266,1,0,,357.7263288635952,873.1832281845232,92.13151207748724,0.39823321906887754,0.0,0.5635662468112245,0.012904575892857142,6.0,233.0,241.0,0.5969387755102041,2.894512692357537,1,0,0,0,0,0,0,0,0.323572953712666
AS12-49-7267,AS12,49,7267,1,0,,402.7254159601467,933.3005719172711,79.39227419483419,0.5651008450255102,0.0,0.5817073899872449,0.00023417570153061223,1.0,221.0,231.0,0.5714285714285714,0.0,1,0,0,0,0,0,0,0,0.3950876586190077
AS12-49-7268,AS12,49,7268,1,0,,442.65477255112125,952.206803355276,96.81063157684949,0.0017139668367346938,2.491230867346939e-05,0.5425552056760204,0.010044642857142858,19.0,237.0,241.0,0.5408163265306123,,0,0,0,0,0,0,0,0,0.41662839420744274
AS12-49-7269,AS12,49,7269,1,0,,693.2302954012233,1183.4660755482114,115.58110949457908,4.982461734693878e-05,0.00013452646683673468,0.38563257334183676,0.01089664381377551,103.0,236.0,241.0,0.41836734693877553,1.123302714075429,1,0,0,0,0,0,0,0,0.650156834567985
AS12-49-7270,AS12,49,7270,1,0,,497.28898894054504,972.8413160665826,99.0364766023597,5.978954081632653e-05,0.0,0.46854073660714285,0.0,35.0,218.0,221.0,0.49489795918367346,0.0,1,0,0,0,0,0,0,0,0.43965545464892714
AS12-49-7271,AS12,49,7271,1,0,,394.72033302407124,879.4290588292976,81.13433215082908,0.5486039142219388,4.982461734693877e-06,0.5765654894770408,4.48421556122449e-05,2.0,222.0,231.0,0.5561224489795918,,0,0,0,0,0,0,0,0,0.33122848666619253
AS12-49-7272,AS12,49,7272,1,0,,216.84348562207137,554.8791686630249,87.33123903858419,0.0003089126275510204,0.0,0.5443439094387755,0.0,11.0,204.0,210.0,0.6173469387755102,,0,0,0,0,0,0,0,0,-0.1634125234571762
AS12-49-7273,AS12,49,7273,1,0,,458.84923273598037,1027.5444943687216,91.92333486128827,0.49819634885204084,2.491230867346939e-05,0.548957669005102,0.010552853954081632,5.0,232.0,241.0,0.5561224489795918,-10.98865109649398,1,0,0,0,0,0,0,1,0.49841471597561954
AS12-49-7274,AS12,49,7274,1,0,,616.3844041927612,1268.486677497906,75.88204520089286,0.5628487723214286,0.00013950892857142856,0.6177704480229592,0.0036073022959183672,3.0,231.0,237.0,0.5153061224489796,-19.112973733673314,1,0,0,0,0,0,0,1,0.7246738519748215
AS12-49-7275,AS12,49,7275,1,0,,950.5784253511812,1690.1545548859904,69.53367147640306,0.03521603954081633,0.0001793686224489796,0.6271723533163265,0.004424426020408163,8.0,230.0,238.0,0.4387755102040816,-11.70643672915333,1,0,0,0,0,0,0,1,1.032931705083453
AS12-49-7276,AS12,49,7276,1,0,,1885.3216829871644,1924.5364491380494,105.34985849808673,0.15175581951530612,0.0005630181760204082,0.27734375,0.0016292649872448979,130.0,195.0,214.0,0.02040816326530612,3.4336303624505224,1,0,0,0,0,0,0,0,1.172418111163066
AS12-49-7277,AS12,49,7277,1,0,,1688.9710206687328,1779.2069537658363,120.86883171237245,0.02039321588010204,0.0003089126275510204,0.2438167649872449,0.001345264668367347,151.0,211.0,224.0,0.05102040816326531,0.35809395932357113,1,0,0,0,0,0,0,0,1.0880836349070462
AS12-49-7278,AS12,49,7278,1,1,"Bean with sample container, Conrad in visor",247.55031635581528,282.54290440853794,98.23454938616071,0.004324776785714286,0.000817123724489796,0.08128388073979592,0.003009406887755102,99.0,170.0,222.0,0.12755102040816327,0.0,1,0,0,0,0,0,0,0,-0.8883349205873335
AS12-49-7279,AS12,49,7279,1,0,,1406.0339500076916,1611.07172578487,113.24058314732143,0.02524613360969388,0.0003288424744897959,0.2435626594387755,0.0012256855867346938,142.0,198.84999999997672,214.0,0.12755102040816327,-9.329539642698096,1,0,0,0,0,0,0,0,0.9814611040035668
AS12-49-7280,AS12,49,7280,1,0,,2057.4004910947483,2057.4004910947483,149.3143933354592,0.004743303571428571,0.00016442123724489795,0.049171914859693876,0.0013103874362244898,167.0,209.0,223.0,0.0,1.4763685098130983,1,0,0,0,0,0,0,0,1.2441221422196302
AS12-49-7281,AS12,49,7281,1,0,,263.7571222701702,355.2355363803188,98.94693180006378,0.0018136160714285715,0.00041354432397959186,0.3235361527423469,0.00849509725765306,118.0,223.0,239.0,0.2602040816326531,,0,0,0,0,0,0,0,0,-0.6424221378867383
AS12-49-7282,AS12,49,7282,1,0,,2053.003525049748,2198.708821629961,123.30619220344387,0.01744858099489796,0.00017438616071428572,0.1505500637755102,0.0004832987882653061,143.0,196.0,211.0,0.0663265306122449,-0.9710219310791666,1,0,0,0,0,0,0,0,1.315470484267509
AS12-49-7283,AS12,49,7283,1,0,,1856.3970706304726,1955.8693744554894,113.3443827726403,0.06923130580357142,9.964923469387754e-06,0.12574238679846939,6.975446428571428e-05,130.0,183.0,200.0,0.05102040816326531,1.4995470379776346,1,0,0,0,0,0,0,0,1.18976423627142
AS12-49-7284,AS12,49,7284,1,0,,2807.487061917906,2807.487061917906,141.7675183354592,0.003627232142857143,0.00022919323979591838,0.06347158003826531,0.0008021763392857143,159.0,206.0,220.0,0.0,5.07960786001457,1,0,0,0,0,0,0,0,1.5779981722034337
AS12-49-7285,AS12,49,7285,1,0,,1353.5561275077034,1367.3207125359938,119.75456891741071,0.008559869260204082,0.0006676498724489796,0.056516063456632654,0.0034080038265306123,131.0,175.0,221.0,0.01020408163265306,1.3639275316029187,1,0,0,0,0,0,0,0,0.8052609948017136
AS12-49-7286,AS12,49,7286,1,0,,696.0234492117044,1022.5407179332626,93.6522291533801,0.0006576849489795918,0.0007523517219387755,0.3758071588010204,0.0047383211096938774,118.0,186.0,231.0,0.32142857142857145,0.0,1,0,0,0,0,0,0,0,0.4931715200498571
AS12-49-7287,AS12,49,7287,1,0,,1837.5839771417864,1837.5839771417861,113.31293347417092,0.03977000956632653,0.0006676498724489796,0.12232940051020408,0.0015345982142857143,130.0,175.0,186.0,0.0,0.5968094512291772,1,0,0,0,0,0,0,0,1.1227593558538211
AS12-49-7288,AS12,49,7288,1,0,,2427.3352012632045,2439.5780653849843,110.08195153061224,0.0032386001275510204,0.00042849170918367346,0.13480050223214285,0.001051299426020408,124.0,182.0,196.0,0.00510204081632653,5.767888897914144,1,0,0,0,0,0,0,0,1.427126940300286
AS12-49-7289,AS12,49,7289,1,0,,242.04013076607063,757.7330144104177,73.91347955197705,0.5906509088010204,0.00013452646683673468,0.5986577248086735,0.001340282206632653,1.0,216.0,231.0,0.6836734693877551,0.9240453527727062,1,0,0,0,0,0,0,0,0.1712521149151126
AS12-49-7290,AS12,49,7290,1,0,,598.3127140579547,1318.0312002758103,83.92514349489795,0.0026157924107142855,0.0009616151147959184,0.5697444993622449,0.009451729910714286,9.0,223.0,240.0,0.5510204081632653,0.0,1,0,0,0,0,0,0,0,0.7658269494439724
AS12-49-7291,AS12,49,7291,1,0,,670.9906692836297,1440.1567882491315,76.82790078922194,0.015784438775510203,0.00016442123724489795,0.5793108258928571,0.0043197943239795915,6.0,213.0,235.0,0.5357142857142857,1.9580674292340414,1,0,0,0,0,0,0,0,0.8610048446461189
AS12-49-7292,AS12,49,7292,1,0,,1094.3408740586362,2000.4487448199282,85.90165617028062,0.0011110889668367347,6.477200255102041e-05,0.5296655771683674,0.0017139668367346938,15.0,220.0,233.0,0.45408163265306123,14.656751115760423,1,0,0,0,0,0,0,1,1.2139706440975306
AS12-49-7293,AS12,49,7293,1,0,,1407.889550438924,2503.1324036526485,65.69117207429846,0.11578742825255102,9.964923469387754e-06,0.5412149234693877,0.00026905293367346936,10.0,192.0,213.0,0.4387755102040816,-1.0050860052541812,1,0,0,0,0,0,0,0,1.4547500905419721
AS12-49-7294,AS12,49,7294,1,0,,1168.0042295219353,1484.4798015723404,102.49673150510205,0.0037318638392857145,2.9894770408163265e-05,0.05225107621173469,0.0004235092474489796,95.0,200.0,216.0,0.21428571428571427,3.6913859864512757,1,0,0,0,0,0,0,0,0.8935630052551247
AS12-49-7295,AS12,49,7295,1,0,,827.1545487699137,992.7236470277714,140.58164760044642,0.006073620854591837,0.00027901785714285713,0.009063097895408163,0.0005181760204081633,144.0,211.0,223.0,0.1683673469387755,0.0,1,0,0,0,0,0,0,0,0.46138566594604735
AS12-49-7296,AS12,49,7296,1,0,,84.15009196923704,122.1537457103259,126.7529595822704,0.0015146683673469387,3.487723214285714e-05,0.004344706632653061,0.0005032286352040816,118.0,207.0,227.0,0.3469387755102041,0.0,1,0,0,0,0,0,0,0,-1.789010073260805
AS12-49-7297,AS12,49,7297,1,0,,68.94579563690493,119.88306063854529,134.59504544005102,0.0008818957270408163,0.0,0.0020976163903061226,0.005824497767857143,130.0,221.0,237.0,0.49489795918367346,0.0,1,0,0,0,1,0,1,0,-1.809163897758455
AS12-49-7298,AS12,49,7298,1,0,,38.72138313401098,56.87494370709104,120.90232382015306,0.0005580357142857143,0.0,0.0017139668367346938,0.0,116.0,204.0,222.0,0.47959183673469385,0.0,1,0,0,0,1,0,1,0,-2.6100692364837887
AS12-49-7299,AS12,49,7299,1,0,,89.66738651214365,108.83743019582332,82.88057039221938,0.0031040736607142855,0.0,0.01062759088010204,0.0,79.0,148.0,204.0,0.18877551020408162,0.0,1,0,0,0,0,0,0,0,-1.9129866745773305
AS12-49-7300,AS12,49,7300,1,0,,861.9517362051237,981.0562178877125,117.68630420918367,0.004798110650510204,0.0007124920280612245,0.015749561543367346,0.0009068080357142857,124.0,185.0,196.0,0.12244897959183673,0.0,1,0,0,0,0,0,0,0,0.4486872147035312
AS12-49-7301,AS12,49,7301,1,0,,1239.3098814712866,1673.7687089587107,91.83769132653062,0.024140027104591837,2.9894770408163265e-05,0.27552016900510207,0.00018933354591836734,75.0,195.0,211.0,0.2602040816326531,-3.6913859864512757,1,0,0,0,0,0,0,0,1.0224677597736982
AS12-49-7302,AS12,49,7302,1,0,,725.4753344562441,1212.6549100731643,90.49875438456633,0.16402264030612246,6.477200255102041e-05,0.34647540656887754,0.0009715800382653062,59.0,207.0,224.0,0.4030612244897959,-5.754565331102192,1,0,0,0,0,0,0,0,0.6763265340144231
AS12-49-7303,AS12,49,7303,1,0,,1672.629920536456,2975.4807456603717,74.63228435905613,0.4631895727040816,0.00013452646683673468,0.5072494818239796,0.0007124920280612245,16.0,197.0,217.0,0.4387755102040816,-1.4688007143858246,1,0,0,0,0,0,0,0,1.6404195899169765
AS12-49-7304,AS12,49,7304,1,0,,1080.9195132352868,2161.2075574008786,75.71206353635205,0.5111059072066326,2.491230867346939e-05,0.5301887356505102,0.0003089126275510204,2.0,204.0,219.0,0.5,0.0,1,0,0,0,0,0,0,0,1.2969927933127579
AS12-49-7305,AS12,49,7305,1,0,,884.8662060703998,1769.3567770811383,68.79341218909438,0.41745057397959184,0.00010463169642857142,0.5694106744260204,0.0013103874362244898,9.0,202.0,224.0,0.5,-1.4270018675146865,1,0,0,0,0,0,0,0,1.0821206766896074
AS12-49-7306,AS12,49,7306,1,0,,264.65167529795974,516.2459378386498,64.22637814891581,0.44384765625,9.964923469387754e-06,0.5325354751275511,0.0037218989158163264,8.0,198.0,234.0,0.4897959183673469,0.0,1,0,0,0,0,0,0,0,-0.2409262290847167
AS12-49-7307,AS12,49,7307,1,0,,170.53422971208215,328.0726409648846,65.77155911192602,0.3383041693239796,5.480707908163265e-05,0.4726512675382653,0.0010413345025510204,36.0,195.0,228.0,0.4846938775510204,0.0,1,0,0,0,0,0,0,0,-0.7278614219976578
AS12-49-7308,AS12,49,7308,1,0,,121.56302194930973,293.0797352069616,61.333232023278065,0.4742008131377551,4.982461734693877e-06,0.5591019610969388,0.00038364955357142856,7.0,191.0,222.0,0.5918367346938775,,0,0,0,0,0,0,0,0,-0.8490080043257888
AS12-49-7309,AS12,49,7309,1,0,,88.8442688639439,279.1043886583488,66.81363600127551,0.4922572544642857,0.00026905293367346936,0.5661969866071429,0.0008420360331632653,6.0,175.0,215.0,0.6887755102040817,2.74808818005375,1,0,0,0,0,0,0,0,-0.9014866242160068
AS12-49-7310,AS12,49,7310,1,0,,135.69157562152589,488.3950086395356,84.65992207429846,0.5008669483418368,0.0,0.5797692123724489,0.0005779655612244898,4.0,227.0,234.0,0.7295918367346939,1.0809241866606887,1,0,0,0,0,0,0,0,-0.30049372536206576
AS12-49-7311,AS12,49,7311,1,0,,84.8465618072128,336.835574991512,90.78202228156887,0.48872967155612246,0.0,0.5575922751913265,0.0009068080357142857,5.0,228.0,235.0,0.7602040816326531,0.0,1,0,0,0,0,0,0,0,-0.6995486606371217
AS12-49-7312,AS12,49,7312,1,0,,1378.3047913627195,1406.6775580230687,130.0311503507653,0.006890744579081632,0.00020926339285714285,0.06621691645408163,0.007364078443877551,139.0,202.0,238.0,0.02040816326530612,-7.72863699595161,1,0,0,0,0,0,0,0,0.8357408204248654
AS12-49-7313,AS12,49,7313,1,0,,1203.3033359877918,1286.5496194249372,141.74844048947705,0.004274952168367347,0.0006875797193877551,0.08562858737244898,0.00357242506377551,161.0,193.0,218.0,0.0663265306122449,0.0,1,0,0,0,0,0,0,0,0.7398607083730385
AS12-49-7314,AS12,49,7314,1,0,,1470.0792370837266,1477.613814025518,127.15424705038265,0.02637715242346939,0.00047333386479591835,0.07898198341836735,0.0036073022959183672,139.0,202.0,222.0,0.00510204081632653,-10.7842978675626,1,0,0,0,0,0,0,1,0.888583636971434
AS12-49-7315,AS12,49,7315,1,0,,1660.992873025308,1669.4893831729325,119.38205516581633,0.0076430963010204085,0.0006277901785714286,0.06865832270408163,0.002565967793367347,132.0,173.0,209.0,0.00510204081632653,0.0,1,0,0,0,0,0,0,0,1.0197181255607346
AS12-49-7316,AS12,49,7316,1,0,,270.36815014323906,593.4538146559449,71.88735650510205,0.5332629145408163,1.992984693877551e-05,0.5846968670280612,0.0014000717474489796,2.0,227.0,237.0,0.5459183673469388,-5.754565331102192,1,0,0,0,0,0,0,0,-0.09122422851162774
AS12-49-7317,AS12,49,7317,1,0,,629.8639894081672,1337.7432263668184,78.1107401945153,0.006432358099489796,0.00014947385204081633,0.5899035395408163,0.009337133290816327,7.0,224.0,240.0,0.5306122448979592,1.2590452071752678,1,0,0,0,0,0,0,0,0.7817716840775845
AS12-49-7318,AS12,49,7318,1,0,,841.8628658944247,1135.7569172825854,109.01186822385205,0.00011957908163265306,0.00039361447704081633,0.31114975286989793,0.0015644929846938774,134.0,217.0,230.0,0.2602040816326531,1.0708244547869634,1,0,0,0,0,0,0,0,0.605960143276786
AS12-49-7319,AS12,49,7319,1,0,,853.9720650644463,924.488204207548,127.28033322704081,0.004160355548469388,0.000244140625,0.06772660235969388,0.001833545918367347,143.0,193.0,216.0,0.07653061224489796,0.0,1,0,0,0,0,0,0,0,0.38489778558705195
AS12-49-7320,AS12,49,7320,1,0,,1203.081847040691,1227.5360536301096,101.97523716517857,0.0019630899234693877,0.0003587372448979592,0.07474190848214286,0.002157405931122449,108.0,183.0,219.0,0.02040816326530612,25.722526916337575,1,0,0,0,0,0,0,1,0.6894270112026273
AS12-49-7321,AS12,49,7321,1,0,,36.26729289016243,57.052479166760655,141.8227389588648,0.0015146683673469387,0.0,0.004758250956632653,0.003383091517857143,133.0,214.0,233.0,0.4846938775510204,0.0,1,0,0,0,1,0,1,0,-2.6067216914616944
AS12-49-7322,AS12,49,7322,1,0,,79.21502105795508,102.79881446431449,136.9451281489158,0.001868423150510204,5.480707908163265e-05,0.005625199298469388,0.0029296875,134.0,190.0,234.0,0.2653061224489796,0.0,1,0,0,0,0,0,0,0,-1.974297122109574
AS12-49-7323,AS12,49,7323,1,0,,62.864189688040284,87.26209263800267,158.9439074457908,0.002536073022959184,0.0,0.005366111288265306,0.0,164.0,224.0,226.0,0.3112244897959184,0.0,1,0,0,0,1,0,1,0,-2.1502944292249784
AS12-49-7324,AS12,49,7324,1,0,,217.09878601962353,234.01654461998376,132.60124362244898,0.0009765625,0.0,0.0067263233418367345,0.0,131.0,216.0,226.0,0.07653061224489796,0.0,1,0,0,0,0,0,0,0,-1.0907342668108195
AS16-113-18279,AS16,113,18279,1,0,,156.62917680186263,359.2628312758457,128.39441167091837,0.00018933354591836734,1.992984693877551e-05,0.19611467633928573,0.00022919323979591838,160.0,186.0,196.0,0.5867346938775511,,0,0,0,0,0,0,0,0,-0.6303137582333311
AS16-113-18280,AS16,113,18280,1,0,,186.0782496447317,458.7964104349594,132.7888731664541,0.00014449139030612245,6.477200255102041e-05,0.21565090880102042,0.000408561862244898,166.0,195.0,205.0,0.6122448979591837,0.0,1,0,0,0,0,0,0,0,-0.36764342104549097
AS16-113-18281,AS16,113,18281,1,0,,159.8545207356672,296.0472397691513,127.716796875,0.00014947385204081633,4.982461734693878e-05,0.21230269451530612,0.00026905293367346936,154.0,191.0,203.0,0.47959183673469385,0.0,1,0,0,0,0,0,0,0,-0.8381873032601465
AS16-113-18282,AS16,113,18282,1,0,,175.2792117838709,283.9889054247032,131.09815449617346,0.00021424585459183673,5.480707908163265e-05,0.18613480548469388,0.00030393016581632654,155.0,193.0,204.0,0.3979591836734694,0.0,1,0,0,0,0,0,0,0,-0.8828519681185645
AS16-113-18283,AS16,113,18283,1,0,,150.88562339646077,241.51700403491026,128.0970683195153,0.0001992984693877551,5.480707908163265e-05,0.20305026307397958,0.0002889827806122449,152.0,193.0,203.0,0.3979591836734694,0.0,1,0,0,0,0,0,0,0,-1.0568489179096365
AS16-113-18284,AS16,113,18284,1,0,,130.5316168585453,214.19447401774113,127.0872727997449,3.487723214285714e-05,2.9894770408163265e-05,0.20856584821428573,0.0002192283163265306,153.0,191.0,200.0,0.41836734693877553,,0,0,0,0,0,0,0,0,-1.185798928347241
AS16-113-18285,AS16,113,18285,1,0,,85.33580716713327,207.34681661948562,60.339868662308675,4.48421556122449e-05,3.487723214285714e-05,0.6109843351403061,0.00014449139030612245,12.0,158.0,174.0,0.5918367346938775,,0,0,0,0,0,0,0,0,-1.2206976361828346
AS16-113-18286,AS16,113,18286,1,0,,83.8610728893961,207.91375616488688,60.3737942442602,5.480707908163265e-05,4.982461734693878e-05,0.6041733099489796,0.00018435108418367346,12.0,156.0,171.0,0.6020408163265306,,0,0,0,0,0,0,0,0,-1.217764815151894
AS16-113-18287,AS16,113,18287,1,0,,80.74427426469569,197.7932603941803,60.06912169164541,0.00014947385204081633,6.975446428571428e-05,0.6137745137117347,0.00018435108418367346,13.0,158.0,174.0,0.5969387755102041,,0,0,0,0,0,0,0,0,-1.271362819009194
AS16-113-18288,AS16,113,18288,1,0,,70.95075147698591,174.44000893253448,56.88685327646684,0.00012456154336734694,2.9894770408163265e-05,0.6321597975127551,0.00013452646683673468,12.0,156.0,171.0,0.5969387755102041,,0,0,0,0,0,0,0,0,-1.4063126016246943
AS16-113-18289,AS16,113,18289,1,0,,70.29763289440776,169.4392799804204,56.648193359375,0.00013452646683673468,5.978954081632653e-05,0.6288962850765306,0.00016940369897959184,12.0,154.0,168.0,0.5867346938775511,,0,0,0,0,0,0,0,0,-1.4375537616851546
AS16-113-18290,AS16,113,18290,1,0,,63.81846898915816,0.0,6.884252431441326,0.006108498086734694,0.0,0.9917141661352041,4.48421556122449e-05,6.0,6.0,16.0,0.9693877551020408,,0,1,0,0,0,0,1,0,-9.950296778595387
AS16-113-18291,AS16,113,18291,1,0,,67.09695870535714,0.0,6.950743383290816,0.008873764349489796,4.982461734693877e-06,0.9910415338010204,8.470184948979592e-05,6.0,6.0,18.0,0.9693877551020408,,0,1,0,0,0,0,1,0,-9.950296778595387
AS16-113-18292,AS16,113,18292,1,0,,52.91289660395408,0.0,7.055051219706633,0.009581273915816327,0.0,0.9891930404974489,2.491230867346939e-05,6.0,6.0,30.0,0.9540816326530612,,0,1,0,0,0,0,1,0,-9.950296778595387
AS16-113-18293,AS16,113,18293,1,0,,81.14926458864795,0.0,7.591527822066326,0.00732421875,9.964923469387754e-06,0.9858647560586735,0.0001793686224489796,6.0,6.0,62.0,0.9591836734693877,,0,1,0,0,0,0,1,0,-9.950296778595387
AS16-113-18294,AS16,113,18294,1,0,,461.04903562500397,519.190631408297,92.85383948501276,0.001260562818877551,0.0007922114158163265,0.2355110012755102,0.004354671556122449,98.0,187.0,221.0,0.11224489795918367,24.60512391795162,1,0,0,0,0,0,0,1,-0.2348169914396206
AS16-113-18295,AS16,113,18295,1,0,,117.06115378165731,243.76415727427687,72.56291354432398,0.0018534757653061226,0.00014449139030612245,0.5437460140306123,0.001061264349489796,14.0,195.0,219.0,0.5255102040816326,,0,0,0,0,0,0,0,0,-1.0469014716715952
AS16-113-18296,AS16,113,18296,1,0,,61.98476690483412,194.880933854632,46.28551000478316,0.00038364955357142856,0.0001992984693877551,0.7143056441326531,0.000652702487244898,10.0,186.0,200.0,0.6836734693877551,0.0,1,0,0,0,1,0,1,0,-1.2872953550458586
AS16-113-18297,AS16,113,18297,1,0,,178.2569393126332,465.5301510042479,74.29729850924745,0.00045838647959183676,6.477200255102041e-05,0.6021105707908163,0.0003687021683673469,11.0,195.0,206.0,0.6224489795918368,,0,0,0,0,0,0,0,0,-0.3519936542647783
AS16-113-18298,AS16,113,18298,1,0,,192.21473908483955,724.6752981221111,79.49855508609694,0.00018435108418367346,1.992984693877551e-05,0.6077407525510204,0.00023417570153061223,12.0,212.0,221.0,0.7397959183673469,,0,0,0,0,0,0,0,0,0.12333989960171737
AS16-113-18299,AS16,113,18299,1,0,,222.7382794357697,1011.8271884928528,43.42104292889031,0.0006626674107142857,0.00015943877551020407,0.7446936782525511,0.000572983099489796,6.0,212.0,220.0,0.7806122448979592,,0,0,0,0,0,0,0,0,0.48185855811211237
AS16-113-18300,AS16,113,18300,1,0,,250.0312373967828,397.27573078680484,82.47846580038265,0.0007523517219387755,0.0003138950892857143,0.4706981425382653,0.0009317203443877551,37.0,183.0,195.0,0.37244897959183676,,0,0,0,0,0,0,0,0,-0.5222860787110666
AS16-113-18301,AS16,113,18301,1,0,,231.55675359469365,479.404008909234,124.97225267059949,8.96843112244898e-05,0.0,0.3013293207908163,1.4947385204081632e-05,166.0,199.0,207.0,0.5357142857142857,,0,0,0,0,0,0,0,0,-0.3204511520229713
AS16-113-18302,AS16,113,18302,1,0,,231.60602915212544,632.7590493864541,78.34040676817602,3.985969387755102e-05,0.00012456154336734694,0.5922154017857143,0.0004235092474489796,15.0,218.0,227.0,0.6377551020408163,,0,0,0,0,0,0,0,0,-0.02234273205534801
AS16-113-18303,AS16,113,18303,1,0,,498.59483989404174,687.2457783545229,105.08037209024235,0.0006277901785714286,1.992984693877551e-05,0.37741151147959184,0.00012456154336734694,147.0,196.0,207.0,0.2755102040816326,-22.02305549681125,1,0,0,0,0,0,0,1,0.06637926233458438
AS16-113-18304,AS16,113,18304,1,0,,223.30638660959085,467.27227569632566,77.21089764030613,0.00014449139030612245,0.00027901785714285713,0.5605568399234694,0.0007124920280612245,12.0,194.0,207.0,0.5255102040816326,,0,0,0,0,0,0,0,0,-0.347981669144861
AS16-113-18305,AS16,113,18305,1,0,,139.03139652502333,484.7225955863712,94.29944096779337,0.00016442123724489795,4.982461734693877e-06,0.4700454400510204,0.00027901785714285713,56.0,204.0,208.0,0.7244897959183674,,0,0,0,0,0,0,0,0,-0.30860067536186936
AS16-113-18306,AS16,113,18306,1,0,,43.460067426398716,151.75656115843248,67.0633320711097,0.00020926339285714285,0.0,0.6006208147321429,0.0,10.0,193.0,201.0,0.7295918367346939,,0,0,0,0,1,0,1,0,-1.5559363139527922
AS16-113-18307,AS16,113,18307,1,0,,356.7895161896038,600.532908889825,106.80964006696429,0.0001096141581632653,0.00030393016581632654,0.4232900191326531,0.0011908083545918368,149.0,213.0,227.0,0.40816326530612246,-14.743562836470735,1,0,0,0,0,0,0,1,-0.07848765741168304
AS16-113-18308,AS16,113,18308,1,0,,243.74083650524247,475.24522806087225,120.31536989795919,1.4947385204081632e-05,0.0004434390943877551,0.37327108577806123,0.0016591597576530613,169.0,225.0,231.0,0.49489795918367346,,0,0,0,0,0,0,0,0,-0.32980939231697864
AS16-113-18309,AS16,113,18309,1,0,,73.07629296303986,174.09315569923012,97.74914301658163,0.0002242107780612245,0.0,0.4636728714923469,0.00011459661989795919,39.0,223.0,230.0,0.5969387755102041,,0,0,0,0,0,0,0,0,-1.4084504210580453
AS16-113-18310,AS16,113,18310,1,0,,271.16627836066056,417.05341527709965,136.09939014668367,0.0003985969387755102,5.480707908163265e-05,0.27932178730867346,0.0007822464923469387,177.0,221.0,226.0,0.3622448979591837,,0,0,0,0,0,0,0,0,-0.47010294954214654
AS16-113-18313,AS16,113,18313,1,0,,289.9643261919216,716.3073174059542,130.6290507413903,7.473692602040816e-05,0.00013452646683673468,0.3586276307397959,0.0011509486607142857,186.0,221.0,228.0,0.6071428571428571,,0,0,0,0,0,0,0,0,0.11086502896069846
AS16-113-18314,AS16,113,18314,1,0,,199.0675312416944,642.729019577523,128.7107930086097,0.00012954400510204082,0.00017438616071428572,0.38585678411989793,0.0009765625,192.0,222.0,229.0,0.7040816326530612,,0,0,0,0,0,0,0,0,-0.005550998124154653
AS16-113-18315,AS16,113,18315,1,0,,260.2868163001781,686.0095201326584,132.2405931122449,0.0001096141581632653,0.0003089126275510204,0.34484115911989793,0.0007922114158163265,188.0,215.0,222.0,0.6377551020408163,-5.237476066812514,1,0,0,0,0,0,0,0,0.06444539237806736
AS16-113-18316,AS16,113,18316,1,0,,293.2229573411626,479.95107933215536,127.77480767697705,6.477200255102041e-05,0.0001544563137755102,0.34092494419642855,0.0005929129464285714,179.0,212.0,219.0,0.4030612244897959,,0,0,0,0,0,0,0,0,-0.31922616034343093
AS16-113-18317,AS16,113,18317,1,0,,437.1108721604153,643.9277253639126,121.7389140226403,5.480707908163265e-05,0.00018933354591836734,0.35566804846938777,0.0006377551020408163,171.0,210.0,219.0,0.32142857142857145,-5.980599524763449,1,0,0,0,0,0,0,0,-0.003549665541293907
AS16-113-18318,AS16,113,18318,1,0,,626.8427157450695,974.9220538654145,111.77345244738521,0.00015943877551020407,0.00019431600765306122,0.41466537786989793,0.001220703125,155.0,216.0,228.0,0.35714285714285715,-0.41517954114486444,1,0,0,0,0,0,0,0,0.44195028490583343
AS16-113-18319,AS16,113,18319,1,0,,591.7857172710604,1035.2511098846337,115.38850745376276,0.00014947385204081633,0.0008619658801020409,0.43641880580357145,0.015978754783163265,158.0,233.0,243.0,0.42857142857142855,-7.953081971438414,1,0,0,0,0,0,0,0,0.5064403389822768
AS16-113-18320,AS16,113,18320,1,0,,197.0552078157055,304.172370338043,178.54771703603316,1.992984693877551e-05,0.0,0.028215680803571428,2.491230867346939e-05,186.0,228.0,232.0,0.3673469387755102,,0,0,0,1,0,0,1,0,-2.809105861206843
AS16-113-18321,AS16,113,18321,1,0,,279.01268870368295,290.44276038366723,155.26451391103316,3.985969387755102e-05,0.0,0.03953583386479592,0.00013452646683673468,169.0,201.0,216.0,0.04081632653061224,2.5448043798130953,1,0,0,0,0,0,0,0,-0.858715798862462
AS16-113-18322,AS16,113,18322,1,0,,307.7896836613278,334.01147194744624,163.5253308354592,1.4947385204081632e-05,9.466677295918367e-05,0.03430923150510204,0.0064921476403061226,176.0,224.0,240.0,0.08163265306122448,0.0,1,0,0,1,0,0,1,0,-2.708592000064992
AS16-113-18323,AS16,113,18323,1,0,,749.0544718414831,1078.3724138522232,112.94621930803571,5.978954081632653e-05,0.0002939652423469388,0.32858338647959184,0.0031837930484693877,137.0,221.0,234.0,0.30612244897959184,9.1966558916289,1,0,0,0,0,0,0,0,0.5502725881974401
AS16-113-18324,AS16,113,18324,1,0,,810.8653673999561,1168.2306150936338,128.31110989317602,0.000204280931122449,0.0011210538903061226,0.34775091677295916,0.022645288584183673,175.0,236.0,244.0,0.30612244897959184,1.8676788394341723,1,0,0,0,0,0,0,0,0.6362397075209617
AS16-113-18325,AS16,113,18325,1,0,,454.5831802015452,812.5285809766303,105.61497030452806,0.000448421556122449,0.0,0.44546197385204084,0.0003587372448979592,128.0,223.0,230.0,0.44387755102040816,-20.59409022030878,1,0,0,0,0,0,0,1,0.24624482149825686
AS16-113-18326,AS16,113,18326,1,0,,336.6093150309253,677.1811212076701,121.05385044642857,0.00015943877551020407,0.0002491230867346939,0.42305086096938777,0.012366470025510204,168.0,234.0,241.0,0.5102040816326531,,0,0,0,0,0,0,0,0,0.050533036935969396
AS16-113-18327,AS16,113,18327,1,0,,347.3947921075308,816.6510563811011,124.9701849489796,0.0002192283163265306,0.00012954400510204082,0.4127720424107143,0.005779655612244898,192.0,232.0,239.0,0.5867346938775511,,0,0,0,0,0,0,0,0,0.2516805688936331
AS16-113-18328,AS16,113,18328,1,0,,492.29215566337933,1006.3111259975062,136.01053790656889,0.00011459661989795919,0.002650669642857143,0.36429767219387754,0.027712452168367346,201.0,237.0,246.0,0.5204081632653061,,0,0,0,0,0,0,0,0,0.4759870647875678
AS16-113-18329,AS16,113,18329,1,0,,464.53213580892964,949.7297910064958,127.33282844387755,0.0002242107780612245,3.487723214285714e-05,0.32506078603316324,0.001509685905612245,182.0,212.0,228.0,0.5204081632653061,,0,0,0,0,0,0,0,0,0.41383069111910503
AS16-113-18330,AS16,113,18330,1,0,,552.0473035837599,1406.2439645545303,128.5073790258291,0.0005580357142857143,0.00012456154336734694,0.32359095982142855,0.00430484693877551,192.0,216.0,236.0,0.6122448979591837,0.5405101871306666,1,0,0,0,0,0,0,0,0.8354096936046782
AS16-113-18331,AS16,113,18331,1,0,,665.4259491744314,1229.0050277299158,53.83172731983419,0.010243941326530613,2.491230867346939e-05,0.6011041135204082,0.0011858258928571428,12.0,220.0,231.0,0.45918367346938777,-2.573359463176823,1,0,0,0,0,0,0,0,0.6907115860043489
AS16-113-18332,AS16,113,18332,1,0,,636.6461928336385,1234.3769342762596,51.928631218112244,0.008325693558673469,7.473692602040816e-05,0.6218809789540817,0.0020976163903061226,10.0,223.0,234.0,0.4846938775510204,8.515782404350064,1,0,0,0,0,0,0,0,0.6953961224249459
AS16-113-18333,AS16,113,18333,1,0,,505.0009753502245,1111.0199324573293,37.18281648596939,0.01103615274234694,9.964923469387754e-06,0.7166025589923469,0.0006028778698979591,7.0,208.0,224.0,0.5459183673469388,5.042451069170913,1,0,0,0,0,0,0,0,0.5823078306234283
AS16-113-18334,AS16,113,18334,1,0,,468.26129668951035,1041.6803254169865,34.3786471619898,0.015276227678571428,2.9894770408163265e-05,0.7361836336096939,0.0005630181760204082,6.0,207.0,223.0,0.5510204081632653,,0,0,0,0,0,0,0,0,0.5130901063499793
AS16-113-18335,AS16,113,18335,1,0,,843.5152700881766,883.6036231416682,101.10287288743622,0.0016093351403061226,2.9894770408163265e-05,0.2020637356505102,0.0015146683673469387,107.0,203.0,229.0,0.04591836734693878,-24.353009175029637,1,0,0,0,0,0,0,1,0.33631500769469136
AS16-113-18336,AS16,113,18336,1,0,,353.8154069550183,786.6105522034336,51.76967574139031,0.03415477519132653,4.982461734693877e-06,0.6357720822704082,0.0004434390943877551,9.0,218.0,226.0,0.5510204081632653,,0,0,0,0,0,0,0,0,0.21142528484633266
AS16-113-18337,AS16,113,18337,1,0,,515.021267557581,1038.4981207732553,44.350272042410715,0.050168407206632654,8.470184948979592e-05,0.6503856425382653,0.0020976163903061226,10.0,220.0,233.0,0.5051020408163265,-3.7888898778846496,1,0,0,0,0,0,0,0,0.5098038828920526
AS16-113-18338,AS16,113,18338,1,0,,364.99942471543136,1082.2833071481864,44.07631138392857,0.026506696428571428,0.0003089126275510204,0.7502192283163265,0.03633211096938776,6.0,237.0,244.0,0.6632653061224489,-0.8680514497455426,1,0,1,0,0,0,1,0,-1.4458391087264881
AS16-113-18339,AS16,113,18339,1,1,Young's jumping flag salute,931.7885823421606,1313.0063270543478,88.43417171556122,0.0027851961096938774,0.00045340401785714287,0.37910554846938777,0.003976004464285714,98.0,186.0,219.0,0.29081632653061223,-7.193470055295539,1,0,0,0,0,0,0,0,0.761724267652456
AS16-113-18340,AS16,113,18340,1,0,,931.9512560326624,1342.10082098357,86.94786352040816,0.0027403539540816328,0.0004035794005102041,0.3954978475765306,0.003796635841836735,94.0,185.0,218.0,0.30612244897959184,0.0,1,0,0,0,0,0,0,0,0.7852647511670947
AS16-113-18341,AS16,113,18341,1,0,,1375.2523864223924,1663.7960324934609,94.12631038743622,0.0028250558035714285,0.0009068080357142857,0.2818628427933674,0.005311304209183673,104.0,189.0,224.0,0.17346938775510204,-1.3720916494606148,1,0,0,0,0,0,0,0,1.016048978704074
AS16-113-18342,AS16,113,18342,1,0,,1294.7518706883752,1595.862845956994,94.32214106345663,0.002560985331632653,0.0009068080357142857,0.29746791294642855,0.0057846380739795915,105.0,191.0,227.0,0.18877551020408162,13.902687114220553,1,0,0,0,0,0,0,1,0.9712733224454292
AS16-113-18343,AS16,113,18343,1,0,,1394.1298800009033,1751.2114359995078,96.02149932238521,0.002366669323979592,0.0008021763392857143,0.2998196348852041,0.0048828125,109.0,192.0,222.0,0.20408163265306123,1.0609116902642277,1,0,0,0,0,0,0,0,1.0710486924742477
AS16-113-18344,AS16,113,18344,1,0,,351.2114653724375,389.07179940852126,122.51021404655613,0.0003089126275510204,0.0012456154336734694,0.16566685267857142,0.03316326530612245,129.0,234.0,248.0,0.10204081632653061,-14.113253877886462,1,0,0,0,0,0,0,1,-0.5446986915715153
AS16-113-18345,AS16,113,18345,1,0,,320.7006758697229,727.9644816565134,92.0946966677296,0.0004235092474489796,0.00013950892857142856,0.4851921237244898,0.0012356505102040817,98.0,194.0,206.0,0.5714285714285714,-6.2824920881613835,1,0,0,0,0,0,0,0,0.12820397341047018
AS16-113-18346,AS16,113,18346,1,0,,821.3682792422077,838.2165035400282,106.58736248405613,0.002087651466836735,0.0007722815688775511,0.13308155293367346,0.006477200255102041,115.0,182.0,233.0,0.02040816326530612,-3.856800985589843,1,0,0,0,0,0,0,0,0.27967612188623964
AS16-113-18347,AS16,113,18347,1,0,,812.7164020780621,1066.124871463165,118.52042809311224,0.0009416852678571429,0.0012406329719387755,0.23951690051020408,0.007035235969387755,145.0,198.0,232.0,0.23979591836734693,-2.3137224978242164,1,0,0,0,0,0,0,0,0.5380039202636048
AS16-113-18348,AS16,113,18348,1,0,,1399.7328197375182,1490.4907703836554,76.4700005978954,0.005161830357142857,0.001175860969387755,0.28868881536989793,0.005092075892857143,76.0,170.0,225.0,0.061224489795918366,-2.602562202499806,1,0,0,0,0,0,0,0,0.897903424006936
AS16-113-18349,AS16,113,18349,1,0,,410.28368771644693,930.1745773025038,123.43892000159438,8.96843112244898e-05,0.001101124043367347,0.4116958306760204,0.01029376594387755,178.0,230.0,241.0,0.5663265306122449,,0,0,0,0,0,0,0,0,0.3914840777968326
AS16-113-18350,AS16,113,18350,1,0,,374.92701796808126,820.0497117476029,127.48637794961735,0.00018435108418367346,0.000568000637755102,0.40320571588010207,0.005874322385204082,190.0,230.0,239.0,0.5510204081632653,,0,0,0,0,0,0,0,0,0.2561413170605319
AS16-113-18351,AS16,113,18351,1,0,,430.2852315865969,806.0528332313569,131.62233936543367,5.480707908163265e-05,0.0005779655612244898,0.342529296875,0.004399513711734694,187.0,228.0,237.0,0.4744897959183674,12.82878287145542,1,0,0,0,0,0,0,1,0.23765019653063696
AS16-113-18352,AS16,113,18352,1,0,,493.87269200716645,781.992999606095,120.99368722098214,0.00023417570153061223,0.00017438616071428572,0.35762615593112246,0.0018833705357142857,165.0,221.0,231.0,0.37244897959183676,3.0447784441939847,1,0,0,0,0,0,0,0,0.20510161553278958
AS16-113-18353,AS16,113,18353,1,0,,686.2987793616979,952.8773976582097,124.37977818080357,0.00017438616071428572,0.00027901785714285713,0.31778140943877553,0.0023716517857142855,167.0,218.0,227.0,0.28061224489795916,8.615648184164113,1,0,0,0,0,0,0,0,0.41738455636943145
AS16-113-18354,AS16,113,18354,1,0,,829.4205294725598,1230.5134101417548,120.06699916294643,0.00033880739795918367,0.0009566326530612245,0.3740981744260204,0.008425342793367346,161.0,230.0,240.0,0.32653061224489793,-12.783453941424366,1,0,0,0,0,0,0,1,0.692029025476181
AS16-113-18355,AS16,113,18355,1,0,,984.1146488220479,1449.1030039922887,105.95645328443878,0.0005131935586734694,0.0011957908163265306,0.41953822544642855,0.006606744260204082,118.0,220.0,235.0,0.32142857142857145,-15.914120915211837,1,0,0,0,0,0,0,1,0.8676564029299361
AS16-113-18356,AS16,113,18356,1,0,,1092.858602322722,1518.451835580086,100.62865214445154,0.0012007732780612245,0.001913265306122449,0.37903579400510207,0.010468152104591837,95.0,214.0,241.0,0.28061224489795916,-16.927513064147043,1,0,0,0,0,0,0,1,0.9178662283059374
AS16-113-18357,AS16,113,18357,1,0,,951.0383932985696,1421.6406918266118,92.6867974728954,0.0008569834183673469,0.0019431600765306123,0.3935397401147959,0.010966398278061224,84.0,204.0,242.0,0.33163265306122447,-9.18883607735876,1,0,0,0,0,0,0,0,0.8471057716224755
AS16-113-18358,AS16,113,18358,1,0,,878.1756856910192,1365.8572866146555,89.10911591198979,0.00034378985969387755,0.0016741071428571428,0.4083276865433674,0.009172712053571428,76.0,199.0,239.0,0.35714285714285715,5.370994695535706,1,0,0,0,0,0,0,0,0.8041107981255479
AS16-113-18359,AS16,113,18359,1,0,,918.3351099552685,1331.5768254231687,99.1092753507653,0.00038863201530612245,0.0008520009566326531,0.35009765625,0.017737563775510203,118.0,203.0,246.0,0.3112244897959184,0.0,1,0,0,0,0,0,0,0,0.7768091771879575
AS16-113-18360,AS16,113,18360,1,0,,696.805803342642,947.9496295683452,96.3939433195153,7.473692602040816e-05,0.0023417570153061226,0.2881556919642857,0.02102100605867347,103.0,197.0,247.0,0.2653061224489796,0.0,1,0,0,0,0,0,0,0,0.4118155479431411
AS16-113-18361,AS16,113,18361,1,0,,277.80335945010137,468.74874811240005,187.0615234375,3.985969387755102e-05,0.0,0.02672592474489796,0.01551040338010204,191.0,236.0,242.0,0.41836734693877553,,0,0,0,1,0,0,1,0,-2.3445931547564873
AS16-113-18362,AS16,113,18362,1,0,,284.132202361907,339.7082719798132,169.01111088966837,2.9894770408163265e-05,0.0,0.03322803730867347,0.006741270727040816,177.0,233.0,240.0,0.17346938775510204,,0,0,0,1,0,0,1,0,-2.6904271720265847
AS16-113-18363,AS16,113,18363,1,0,,664.9308349461369,824.5620125120906,126.29641163105867,8.470184948979592e-05,0.00011957908163265306,0.2600047831632653,0.0010911591198979591,164.0,201.0,214.0,0.19387755102040816,-7.815293546766876,1,0,0,0,0,0,0,0,0.26203524724188587
AS16-113-18364,AS16,113,18364,1,0,,852.8664472651998,1036.7321363576912,138.44053930165816,7.971938775510203e-05,0.00013950892857142856,0.19923369738520408,0.0013651945153061226,170.0,207.0,220.0,0.17857142857142858,-12.85809017299818,1,0,0,0,0,0,0,1,0.5079758251045409
AS16-113-18365,AS16,113,18365,1,0,,798.1038928905512,1042.5291883948007,102.90463069993622,0.000448421556122449,6.477200255102041e-05,0.27956592793367346,0.0005779655612244898,131.0,176.0,194.0,0.23469387755102042,2.2369790634377016,1,0,0,0,0,0,0,0,0.5139650205844349
AS16-113-18366,AS16,113,18366,1,0,,845.1742517841651,1283.2351039704577,94.08417869100765,0.0004035794005102041,0.00011957908163265306,0.3811533402423469,0.0017139668367346938,122.0,185.0,213.0,0.34183673469387754,4.127591702511724,1,0,0,0,0,0,0,0,0.7370899874408227
AS16-113-18367,AS16,113,18367,1,0,,851.0736230429336,1263.4114473791599,108.24341318558673,0.0004235092474489796,0.0003288424744897959,0.36648995535714285,0.003173828125,144.0,203.0,223.0,0.32653061224489793,7.241866858916207,1,0,0,0,0,0,0,0,0.7203677993533075
AS16-113-18368,AS16,113,18368,1,0,,664.4778085165797,1065.447438239795,121.12535375478316,0.00011957908163265306,0.00010463169642857142,0.3804458306760204,0.0014698262117346938,172.0,221.0,230.0,0.37755102040816324,-2.1409013663230994,1,0,0,0,0,0,0,0,0.5373212111878518
AS16-113-18369,AS16,113,18369,1,0,,536.4719908367292,887.526541367169,127.30169304049745,0.00012954400510204082,0.00033880739795918367,0.3780094068877551,0.005545479910714286,182.0,231.0,238.0,0.3979591836734694,2.9866369904751666,1,0,0,0,0,0,0,0,0.34107305466896054
AS16-113-18370,AS16,113,18370,1,0,,351.91554732284953,771.193219310858,128.13135762117346,6.477200255102041e-05,0.00019431600765306122,0.36732700892857145,0.001669124681122449,191.0,226.0,233.0,0.5510204081632653,,0,0,0,0,0,0,0,0,0.19016446936045717
AS16-113-18371,AS16,113,18371,1,0,,1898.2666266247263,1898.2666266247268,139.10020727040816,0.0014299665178571428,0.000408561862244898,0.10292271205357142,0.0034478635204081634,160.0,210.0,231.0,0.0,-1.8881880067409305,1,0,0,0,0,0,0,0,1.157655904268617
AS16-113-18372,AS16,113,18372,1,0,,1469.3226154286233,1506.9616446935938,159.72205835459184,0.000408561862244898,0.00016442123724489795,0.04542510363520408,0.01371173469387755,181.0,219.0,242.0,0.025510204081632654,2.147585428298503,1,0,0,0,0,0,0,0,0.9097076622578638
AS16-113-18373,AS16,113,18373,1,0,,772.2859134959807,922.4310938677993,66.17019092793367,0.001260562818877551,0.0010861766581632653,0.3007663026147959,0.004065688775510204,69.0,140.0,208.0,0.16326530612244897,4.0444855741811025,1,0,0,0,0,0,0,0,0.3825051360661644
AS16-113-18374,AS16,113,18374,1,0,,1149.031255402276,1204.1594047483934,131.0840840242347,5.978954081632653e-05,0.0016093351403061226,0.09550382653061225,0.008136360012755101,154.0,205.0,237.0,0.04591836734693878,10.75096699318805,1,0,0,0,0,0,0,1,0.6687753168509709
AS16-113-18375,AS16,113,18375,1,0,,1724.3671093181688,1778.7989666246904,101.30784139827806,0.0026755819515306123,0.0006028778698979591,0.1714813855229592,0.003776705994897959,109.0,181.0,222.0,0.030612244897959183,0.0,1,0,0,0,0,0,0,0,1.087837309590019
AS16-113-18376,AS16,113,18376,1,0,,928.8557368577743,953.0369436341888,75.12714245854592,0.00341796875,0.0031489158163265306,0.2207977917729592,0.01458366549744898,75.0,162.0,247.0,0.025510204081632654,7.674479516893931,1,0,0,0,0,0,0,0,0.4175643820520956
AS16-113-18377,AS16,113,18377,1,0,,1397.6496001421933,1411.8911421894456,102.6255181760204,0.0038066007653061226,0.005291374362244898,0.13957868303571427,0.029680524553571428,108.0,218.0,249.0,0.01020408163265306,-20.045249425421005,1,0,0,0,0,0,0,1,0.8397143596002412
AS16-113-18378,AS16,113,18378,1,0,,900.5588558372584,1041.8247059541634,148.3942024075255,0.0003786670918367347,0.002406529017857143,0.12025171396683673,0.014718191964285714,170.0,201.0,244.0,0.1377551020408163,5.092115124498962,1,0,0,0,0,0,0,0,0.513238968175335
AS16-113-18379,AS16,113,18379,1,0,,952.1224481120847,1139.3143154092456,152.43856624681123,0.00025410554846938777,0.0016840720663265306,0.10748664700255102,0.011972855548469387,175.0,201.0,242.0,0.1683673469387755,2.3859440303888126,1,0,0,0,0,0,0,0,0.60931912055888
AS16-113-18380,AS16,113,18380,1,0,,1551.83598406719,1551.83598406719,129.3501524633291,0.001509685905612245,0.002800143494897959,0.08631118463010204,0.014792928890306123,141.0,210.0,245.0,0.0,16.26020470831196,1,0,0,0,0,0,0,1,0.9412248691702907
AS16-113-18381,AS16,113,18381,1,0,,2023.378549475091,2033.6870640434302,145.8821946747449,0.0026008450255102043,5.978954081632653e-05,0.11923529177295919,0.0012356505102040817,174.0,216.0,228.0,0.00510204081632653,7.594643368591445,1,0,0,0,0,0,0,0,1.2316704134565553
AS16-113-18382,AS16,113,18382,1,0,,879.0467229689574,1025.0048871096774,165.05018335459184,0.0006576849489795918,0.0,0.05328742825255102,0.00017438616071428572,178.0,232.0,236.0,0.14285714285714285,0.0,1,0,0,1,0,0,1,0,-1.504243207093323
AS17-134-20376,AS17,134,20376,1,0,,74.79715690380432,194.45363504769946,39.99918287627551,0.014733139349489796,2.9894770408163265e-05,0.6526177853954082,0.0019182477678571428,10.0,231.0,236.0,0.6224489795918368,,0,0,0,0,0,0,0,0,-1.2896529985022296
AS17-134-20377,AS17,134,20377,1,0,,992.933607116509,1323.699859046071,58.991489955357146,0.003213687818877551,0.0020976163903061226,0.4102060746173469,0.009008290816326531,43.0,151.0,239.0,0.25,16.936895048591285,1,0,0,0,0,0,0,1,0.7704365322279687
AS17-134-20378,AS17,134,20378,1,0,,971.038405796703,1196.8753441342503,60.966677295918366,0.0031040736607142855,0.0017189492984693877,0.3654884805484694,0.008619658801020409,48.0,150.0,237.0,0.18877551020408162,13.293149214083826,1,0,0,0,0,0,0,1,0.6622583475134013
AS17-134-20379,AS17,134,20379,1,0,,1001.5869820956785,1219.185094574398,59.332255460778065,0.004349689094387755,0.0014997209821428572,0.3704161352040816,0.00725944674744898,48.0,142.0,233.0,0.17857142857142858,25.513870427534243,1,0,0,0,0,0,0,1,0.6820950053223823
AS17-134-20380,AS17,134,20380,1,0,,851.5460508502259,1036.5542348005777,38.32117944834184,0.013009207589285714,0.0029396524234693877,0.5246083785076531,0.01123046875,23.0,138.0,243.0,0.17857142857142858,-2.9507791090063504,1,0,0,0,0,0,0,0,0.5077914977894694
AS17-134-20381,AS17,134,20381,1,0,,638.3677000117422,1146.8677730028119,33.520433075573976,0.02237125318877551,0.0024962133290816328,0.6599071269132653,0.00940688775510204,10.0,148.0,239.0,0.44387755102040816,1.2730300200567113,1,0,0,0,0,0,0,0,0.6164166270335142
AS17-134-20382,AS17,134,20382,1,0,,666.0895298993721,1165.1531307891164,31.202801139987244,0.016995176977040817,0.0017637914540816326,0.6543616470025511,0.00786232461734694,10.0,120.0,235.0,0.42857142857142855,22.79059084178502,1,0,0,0,0,0,0,1,0.633406494886744
AS17-134-20383,AS17,134,20383,1,0,,371.63997326816735,605.6868093675374,51.58887216996173,0.041673309948979595,0.0026257573341836736,0.6401217713647959,0.026994977678571428,12.0,228.0,247.0,0.3877551020408163,,0,0,0,0,0,0,0,0,-0.06930895082942592
AS17-134-20384,AS17,134,20384,1,1,"Cernan with the flag, Earth above",458.80765971478087,997.3807833343081,50.01875398596939,0.0026556521045918366,0.013502471301020409,0.7163883131377551,0.04774693080357143,10.0,240.0,251.0,0.5408163265306123,,0,0,0,0,0,0,0,0,0.46641271490669595
AS17-134-20385,AS17,134,20385,1,0,,465.14948131937825,1001.0768742490516,54.756816007653065,0.04279436383928571,0.010816924426020409,0.6385224011479592,0.042226363201530615,10.0,235.0,251.0,0.5357142857142857,,0,0,0,0,0,0,0,0,0.4703857045136462
AS17-134-20386,AS17,134,20386,1,0,,515.4032511822088,776.3130533044014,64.92195970184949,0.011838329081632654,0.008465202487244899,0.4959093989158163,0.029595822704081634,26.0,219.0,250.0,0.336734693877551,-2.36137465817562,1,0,0,0,0,0,0,0,0.19727159979040393
AS17-134-20387,AS17,134,20387,1,0,,409.257831140912,920.4104703130079,54.85757134885204,0.020144092793367346,0.012864716198979591,0.6909030213647959,0.05915178571428571,10.0,244.0,251.0,0.5561224489795918,,0,0,0,0,0,0,0,0,0.3801497243767274
AS17-134-20388,AS17,134,20388,1,0,,892.8763036786492,910.9492130014632,53.14101363201531,0.009800502232142858,0.003173828125,0.34484115911989793,0.01013930963010204,42.0,136.0,241.0,0.02040816326530612,-9.940573033113026,1,0,0,0,0,0,0,0,0.36905163269612595
AS17-134-20389,AS17,134,20389,1,0,,672.4646123522077,697.3157371250973,84.74807178730867,0.005645129145408163,0.0018136160714285715,0.2609713807397959,0.024658203125,56.0,227.0,246.0,0.03571428571428571,22.659352040005864,1,0,0,0,0,0,0,1,0.08200326605864218
AS17-134-20390,AS17,134,20390,1,0,,411.9329576907134,537.5421684688569,43.71761898118623,0.06420400191326531,0.003956074617346939,0.4403748804209184,0.010443239795918368,33.0,135.0,242.0,0.23469387755102042,-8.13010235415598,1,0,0,0,0,0,0,0,-0.1975074284524337
AS17-134-20391,AS17,134,20391,1,0,,449.56414065920575,612.9576567185292,34.66328025350765,0.10397401147959184,0.004409478635204082,0.5900131536989796,0.012291733099489796,19.0,164.0,245.0,0.27040816326530615,,0,0,0,0,0,0,0,0,-0.056492068441587294
AS17-134-20392,AS17,134,20392,1,0,,375.467282229863,509.7598769818835,36.164436184630105,0.008544921875,0.0008420360331632653,0.5841986208545918,0.0054807079081632655,19.0,163.0,232.0,0.2653061224489796,,0,0,0,0,0,0,0,0,-0.2545064308390209
AS17-134-20393,AS17,134,20393,1,0,,417.09191622529517,444.02652742089754,62.74052335778061,0.004299864477040816,0.0026257573341836736,0.23584980867346939,0.007483657525510204,51.0,165.0,233.0,0.061224489795918366,-0.48146580583835247,1,0,0,0,0,0,0,0,-0.4027899515198074
AS17-134-20394,AS17,134,20394,1,0,,767.4567583315277,956.37462614868,44.47394172512755,0.009357063137755101,0.000568000637755102,0.46303511639030615,0.0016940369897959183,28.0,145.0,189.0,0.1989795918367347,22.750976342787634,1,0,0,0,0,0,0,1,0.42131942713689263
AS17-134-20395,AS17,134,20395,1,0,,909.1162627512641,1092.158841536928,48.63428232621173,0.006292849170918368,0.0005032286352040816,0.43347915338010207,0.0016840720663265306,31.0,154.0,201.0,0.1683673469387755,1.8087393224920654,1,0,0,0,0,0,0,0,0.5639171873971497
AS17-134-20396,AS17,134,20396,1,0,,980.16479034612,1163.8494004492502,60.42923907844388,0.00821109693877551,0.0005630181760204082,0.37502491230867346,0.0024563536352040817,50.0,167.0,215.0,0.15816326530612246,9.84582236785257,1,0,0,0,0,0,0,0,0.632203989316504
AS17-134-20397,AS17,134,20397,1,0,,882.2217725845288,949.4834818285223,41.08767637914541,0.01964584661989796,0.0007922114158163265,0.4654914700255102,0.002476283482142857,28.0,128.0,201.0,0.07142857142857142,-9.1966558916289,1,0,0,0,0,0,0,0,0.41355209433425755
AS17-134-20398,AS17,134,20398,1,0,,1022.2800113084365,1059.8996561018698,51.31464744100765,0.015066964285714286,0.0008619658801020409,0.3669583067602041,0.0025261080994897957,41.0,146.0,206.0,0.03571428571428571,-1.1344216309770068,1,0,0,0,0,0,0,0,0.5317138341572492
AS17-134-20399,AS17,134,20399,1,0,,1226.769461762354,1292.1668415172126,57.357785594706634,0.012371452487244899,0.0013851243622448979,0.37679866868622447,0.0038863201530612247,45.0,167.0,218.0,0.05102040816326531,-3.9679181379869037,1,0,0,0,0,0,0,0,0.7445400842214437
AS17-134-20400,AS17,134,20400,1,0,,182.00313331521286,197.33323865228232,91.40869140625,0.00018435108418367346,4.982461734693877e-06,0.07091039540816327,9.466677295918367e-05,86.0,184.0,211.0,0.08163265306122448,0.5070290609147756,1,0,0,0,0,0,0,0,-1.2738638071791208
AS17-134-20401,AS17,134,20401,1,0,,1231.9652367614299,1311.9334708175045,63.81161810427296,0.014528858418367346,0.0012057557397959183,0.40771484375,0.005241549744897959,38.0,184.0,227.0,0.061224489795918366,-24.64166199955834,1,0,0,0,0,0,0,1,0.7608462738576312
AS17-134-20402,AS17,134,20402,1,0,,1282.3250041190458,1336.6892632622157,71.15025111607143,0.01016422193877551,0.0011908083545918368,0.35000797193877553,0.004643654336734694,49.0,188.0,225.0,0.04081632653061224,-4.289153328819018,1,0,0,0,0,0,0,0,0.7809251137727702
AS17-134-20403,AS17,134,20403,1,0,,979.008369639013,1102.4519602839455,62.580730827487244,0.06312779017857142,0.00016940369897959184,0.4076998963647959,0.002934669961734694,42.0,168.0,209.0,0.11224489795918367,-2.2679545359058344,1,0,0,0,0,0,0,0,0.5739925780666234
AS17-134-20404,AS17,134,20404,1,0,,907.3567547656902,935.8659120106366,69.65223413584184,0.014937420280612245,5.978954081632653e-05,0.315982740752551,0.0004932637117346938,54.5,167.0,192.0,0.030612244897959183,21.62319612790464,1,0,0,0,0,0,0,1,0.39803592334171206
AS17-134-20405,AS17,134,20405,1,0,,1434.942322369865,1457.2060256859847,69.91322544642857,0.0027004942602040817,0.0005929129464285714,0.19723074776785715,0.0016940369897959183,70.0,136.0,182.0,0.015306122448979591,3.1798301198642345,1,0,0,0,0,0,0,0,0.8736456961471105
AS17-134-20406,AS17,134,20406,1,0,,1312.4277366376182,1332.716187649853,63.10664959343112,0.004593829719387755,0.0003089126275510204,0.23427036830357142,0.0011559311224489796,62.0,128.0,167.0,0.015306122448979591,-5.792796495032159,1,0,0,0,0,0,0,0,0.7777278251107836
AS17-134-20407,AS17,134,20407,1,0,,1478.3810209936025,1478.3810209936025,80.11949437978316,0.0029097576530612247,7.473692602040816e-05,0.15308613679846939,0.000568000637755102,82.0,147.0,178.0,0.0,1.701354605326124,1,0,0,0,0,0,0,0,0.8891411796498534
AS17-134-20408,AS17,134,20408,1,0,,608.1056790087482,856.5980089964638,68.63866191007654,0.00031887755102040814,4.982461734693877e-06,0.3731216119260204,4.982461734693878e-05,64.0,155.0,187.0,0.29081632653061223,3.1278061212861563,1,0,0,0,0,0,0,0,0.30297554523063364
AS17-134-20409,AS17,134,20409,1,0,,184.1986321983661,200.36620664231572,104.83302275988521,0.00043347417091836734,0.0003587372448979592,0.07762675382653061,0.0023915816326530613,108.0,192.0,226.0,0.08163265306122448,0.0,1,0,0,0,0,0,0,0,-1.2574809177208734
AS17-134-20410,AS17,134,20410,1,0,,101.20424785469038,117.52793534390449,101.29876335299745,0.00026905293367346936,0.0,0.06009845344387755,0.0,101.0,210.0,218.0,0.14795918367346939,0.0,1,0,0,0,0,0,0,0,-1.8304745466115064
AS17-134-20411,AS17,134,20411,1,0,,84.23820231865467,92.0808585407808,111.36065051020408,0.0002491230867346939,0.0,0.03220663265306122,0.0,111.0,216.0,223.0,0.09693877551020408,-4.497151614667772,1,0,0,0,0,0,0,0,-2.092561272966866
AS17-134-20412,AS17,134,20412,1,0,,88.93062992840198,104.85579255586717,110.02854950573979,0.0004832987882653061,0.0,0.08193658322704081,0.0,111.0,199.0,214.0,0.16326530612244897,5.290081205371269,1,0,0,0,0,0,0,0,-1.9530171261834894
AS17-134-20413,AS17,134,20413,1,0,,614.9044232855038,825.1191561242656,76.54718391262755,0.00027901785714285713,0.000204280931122449,0.30464764030612246,0.0008270886479591837,79.0,160.0,188.0,0.25510204081632654,11.875163979700107,1,0,0,0,0,0,0,1,0.26276074553462864
AS17-134-20414,AS17,134,20414,1,0,,663.6085273628432,1073.7513535892806,66.70799286511479,0.00016940369897959184,2.491230867346939e-05,0.4550930723852041,0.00021424585459183673,51.0,153.0,181.0,0.3826530612244898,6.809050179613405,1,0,0,0,0,0,0,0,0.545660004120336
AS17-134-20415,AS17,134,20415,1,0,,838.9024884937853,1404.6431406099005,72.97223274075255,0.00027901785714285713,0.0002939652423469388,0.46699617346938777,0.0014797911352040817,50.0,173.0,202.0,0.4030612244897959,0.0,1,0,0,0,0,0,0,0,0.8341862908471135
AS17-134-20416,AS17,134,20416,1,0,,539.0722813993284,909.3998039588067,53.101781728316325,0.00023915816326530612,9.964923469387754e-06,0.4712412308673469,0.00011459661989795919,36.0,124.0,154.0,0.40816326530612246,-3.7517290705259754,1,0,0,0,0,0,0,0,0.3672231924706426
AS17-134-20417,AS17,134,20417,1,0,,756.147975887869,1287.084217993046,60.580397002551024,0.0003587372448979592,7.473692602040816e-05,0.4571010044642857,0.0006078603316326531,45.0,142.0,181.0,0.413265306122449,1.0658450275615836,1,0,0,0,0,0,0,0,0.7403069296545433
AS17-134-20418,AS17,134,20418,1,0,,678.9973873534037,1031.47456846569,60.142413703762756,0.0014100366709183674,0.00013950892857142856,0.406314772002551,0.0013153698979591836,55.0,144.0,206.0,0.34183673469387754,1.5234647916518247,1,0,0,0,0,0,0,0,0.5025149640955654
AS17-134-20419,AS17,134,20419,1,0,,412.6944186928519,641.1767976546535,57.1557766661352,0.0029446348852040817,4.982461734693877e-06,0.41941366390306123,0.00012954400510204082,45.0,172.0,206.0,0.35714285714285715,3.3384705437643523,1,0,0,0,0,0,0,0,-0.008148106647392031
AS17-134-20420,AS17,134,20420,1,0,,401.68028412745036,546.4469315736658,70.20103236607143,0.02806620695153061,0.000732421875,0.34166234853316324,0.003587372448979592,63.0,182.0,210.0,0.2653061224489796,-0.5968094512291772,1,0,0,0,0,0,0,0,-0.17986020177618578
AS17-134-20421,AS17,134,20421,1,0,,481.2017170716355,610.4031698493858,105.42932378029337,0.0012256855867346938,0.0012406329719387755,0.22402144451530612,0.004593829719387755,116.0,201.0,219.0,0.21428571428571427,9.544525565558134,1,0,0,0,0,0,0,0,-0.06097765225223206
AS17-134-20422,AS17,134,20422,1,0,,338.67931251829236,535.6401947487826,100.64335040656887,0.0009765625,0.0007224569515306122,0.34736726721938777,0.0023367745535714285,125.0,200.0,222.0,0.37244897959183676,1.9945693012418377,1,0,0,0,0,0,0,0,-0.2013145845120278
AS17-134-20423,AS17,134,20423,1,0,,279.6923580125738,414.27108027712814,76.4826361208546,0.002321827168367347,0.0005381058673469387,0.38869678730867346,0.001997967155612245,76.0,177.0,220.0,0.32653061224489793,12.188633201931882,1,0,0,0,0,0,0,1,-0.47729263188493215
AS17-134-20424,AS17,134,20424,1,0,,153.09201120821353,235.7475037780208,64.47648278061224,0.0015595105229591836,0.0014050542091836734,0.41556720344387754,0.007359095982142857,54.0,162.0,236.0,0.35714285714285715,28.84606715089911,1,0,0,0,0,0,0,1,-1.0828187687048287
AS17-134-20425,AS17,134,20425,1,0,,282.7281911054138,491.1643308835978,52.683812978316325,0.005356146364795918,0.010069555165816327,0.4699657206632653,0.024473852040816327,31.0,168.0,251.0,0.42857142857142855,,0,0,0,0,0,0,0,0,-0.29442058748369465
AS17-134-20426,AS17,134,20426,1,0,,312.08831844901795,379.61365728443417,82.06974449936224,0.0014847735969387755,0.0005630181760204082,0.26450892857142855,0.016721141581632654,82.0,214.0,244.0,0.17857142857142858,0.9093804491991415,1,0,0,0,0,0,0,0,-0.571131805581733
AS17-134-20427,AS17,134,20427,1,0,,387.25268974802185,448.79263499220446,83.62826351243622,0.0008370535714285714,2.9894770408163265e-05,0.20500338807397958,8.470184948979592e-05,92.0,156.0,180.0,0.1377551020408163,0.0,1,0,0,0,0,0,0,0,-0.3913223207218295
AS17-134-20428,AS17,134,20428,1,0,,416.2088103872048,468.5834980796895,78.25581453284438,0.0015296157525510204,2.491230867346939e-05,0.18313038105867346,0.00010463169642857142,84.0,148.0,175.0,0.11224489795918367,1.6971561896002842,1,0,0,0,0,0,0,0,-0.3449718738842084
AS17-134-20429,AS17,134,20429,1,0,,435.11386287453183,510.63027784899515,73.85007772640306,0.0012306680484693877,0.0,0.23906847895408162,3.985969387755102e-05,77.0,157.0,183.0,0.14795918367346939,1.2873289415250384,1,0,0,0,0,0,0,0,-0.2526740219062225
AS17-134-20430,AS17,134,20430,1,0,,283.0561573261869,389.6102438299837,52.27496213329081,0.0014000717474489796,0.0,0.38181600765306123,0.0,43.0,143.0,171.0,0.2755102040816326,13.116436125391473,1,0,0,0,0,0,0,1,-0.5432132689590363
AS17-134-20431,AS17,134,20431,1,0,,469.1581529054677,655.8304971534866,62.62899593431123,0.00025908801020408165,4.982461734693877e-06,0.3773616868622449,0.00022919323979591838,52.0,154.0,195.0,0.2857142857142857,0.824342820845153,1,0,0,0,0,0,0,0,0.016123167849669075
AS17-134-20432,AS17,134,20432,1,0,,1219.404321374222,1219.404321374222,72.33598732461735,0.004289899553571429,0.0011957908163265306,0.12424764827806123,0.002605827487244898,73.0,131.0,179.0,0.0,6.84277341263094,1,0,0,0,0,0,0,0,0.6822881239651306
AS17-134-20433,AS17,134,20433,1,0,,423.2357884923004,530.5902110103868,69.77725904815051,0.0364616549744898,0.00210758131377551,0.329345703125,0.008465202487244899,59.0,178.0,237.0,0.20408163265306123,-1.0609116902642277,1,0,0,0,0,0,0,0,-0.2114890453274594
AS17-134-20434,AS17,134,20434,1,0,,532.0985229400633,722.4146974185643,43.359594228316325,0.006626674107142857,0.002590880102040816,0.5005929129464286,0.008196149553571428,24.0,140.0,235.0,0.2653061224489796,-4.813550893706532,1,0,0,0,0,0,0,0,0.11998408537964717
AS17-134-20435,AS17,134,20435,1,0,,95.03866933989357,158.50501993845376,67.32780612244898,0.0008320711096938776,8.96843112244898e-05,0.35459183673469385,0.0004235092474489796,67.0,149.0,183.0,0.42346938775510207,29.859016164923098,1,0,0,0,0,0,0,1,-1.5092043169542475
AS17-134-20436,AS17,134,20436,1,0,,187.58966436459593,338.33417477658963,25.9276048309949,0.0006975446428571429,8.470184948979592e-05,0.6073820153061225,0.00033880739795918367,20.0,53.0,89.0,0.45408163265306123,,0,0,1,0,0,0,1,0,-2.694780590415868
AS17-134-20437,AS17,134,20437,1,0,,661.1103808531311,995.1285034788572,65.17834721779337,0.00046835140306122447,0.0002889827806122449,0.4050890864158163,0.0013552295918367347,56.0,152.0,187.0,0.336734693877551,-0.47350805873492635,1,0,0,0,0,0,0,0,0.4639844759471862
AS17-134-20438,AS17,134,20438,1,0,,259.4107480366644,357.60068908486903,54.42983697385204,0.10191127232142858,0.00023417570153061223,0.3945212850765306,0.00539600605867347,39.0,165.0,232.0,0.2755102040816326,6.39439776522759,1,0,0,0,0,0,0,0,-0.6352945881373981
AS17-134-20439,AS17,134,20439,1,0,,407.33852904538514,475.73869175062737,95.345703125,0.003338249362244898,0.0015794403698979591,0.1875049824617347,0.008226044323979591,102.0,185.0,236.0,0.14795918367346939,13.6097318958122,1,0,0,0,0,0,0,1,-0.32869470949908053
AS17-134-20440,AS17,134,20440,1,0,,406.36824496909014,535.9059594692847,90.04385064572705,0.032470703125,0.00025908801020408165,0.26329320790816324,0.002969547193877551,96.0,191.0,229.0,0.24489795918367346,3.2572219406669563,1,0,0,0,0,0,0,0,-0.20078179496503057
AS17-134-20441,AS17,134,20441,1,0,,290.62998969700874,382.0828650359052,126.70916374362245,0.0014598612882653062,1.4947385204081632e-05,0.1551090162627551,0.00023915816326530612,146.0,200.0,208.0,0.25,12.050784883409552,1,0,0,0,0,0,0,1,-0.5641680034953068
AS17-134-20442,AS17,134,20442,1,0,,159.50453665729665,274.99555495955724,124.15662866709184,0.00034877232142857144,4.982461734693877e-06,0.2599400111607143,0.00010463169642857142,156.0,205.0,220.0,0.4387755102040816,1.8881880067409305,1,0,0,0,0,0,0,0,-0.9174163264555396
AS17-134-20443,AS17,134,20443,1,0,,275.1431587088957,482.48933379428155,102.74422034438776,0.00048828125,0.0002192283163265306,0.4032655054209184,0.002331792091836735,129.0,208.0,231.0,0.4336734693877551,-9.628156128486703,1,0,0,0,0,0,0,0,-0.3135607476145965
AS17-134-20444,AS17,134,20444,1,0,,318.13846721432196,445.96758536291475,110.87451670121173,0.00031887755102040814,0.00022919323979591838,0.2788185586734694,0.0044692681760204085,137.0,196.0,234.0,0.29081632653061223,-6.775656169399013,1,0,0,0,0,0,0,0,-0.3981048253167669
AS17-134-20445,AS17,134,20445,1,0,,291.9369257849636,339.3052225561639,88.72835618622449,0.0005181760204081633,0.0007075095663265306,0.18517817283163265,0.0017637914540816326,97.0,170.0,194.0,0.14285714285714285,-1.0708244547869634,1,0,0,0,0,0,0,0,-0.6917022865420879
AS17-134-20446,AS17,134,20446,1,0,,302.5837348045681,338.7245881834692,86.52980508609694,0.0006078603316326531,0.0,0.1817004145408163,0.0,95.0,162.0,183.0,0.10714285714285714,-1.2590452071752678,1,0,0,0,0,0,0,0,-0.6935418861097077
AS17-134-20447,AS17,134,20447,1,0,,372.69531710393125,475.1810456990554,105.72965162627551,0.0006327726403061224,0.001669124681122449,0.20628886320153061,0.010493064413265306,118.0,202.0,241.0,0.2193877551020408,,0,0,0,0,0,0,0,0,-0.32995445860593525
AS17-134-20448,AS17,134,20448,1,0,,753.805663629454,1011.4226261338634,60.656613719706634,0.0025410554846938774,0.004090601084183673,0.431461256377551,0.012231943558673469,38.0,166.0,244.0,0.25510204081632654,-0.5256346064576132,1,0,0,0,0,0,0,0,0.4814290165332817
AS17-134-20450,AS17,134,20450,1,0,,1.8414826283649521,6.529391177927827,40.828857421875,0.05267458545918367,0.02000458386479592,0.78857421875,0.024369220344387755,8.0,195.0,254.0,0.7857142857142857,,0,0,1,0,1,0,1,0,-6.9349736244981495
AS17-134-20452,AS17,134,20452,1,0,,554.9246929999393,759.8630524383058,54.30639150191327,0.008201132015306123,0.00014449139030612245,0.45554149394132654,0.0025111607142857145,35.0,172.0,222.0,0.27040816326530615,,0,0,0,0,0,0,0,0,0.1742672077559878
AS17-134-20453,AS17,134,20453,1,0,,1393.0520012441002,1542.3507183154645,64.11628567442602,0.006487165178571429,0.006636639030612245,0.3661312181122449,0.024010483099489797,47.0,217.0,249.0,0.09693877551020408,4.122297811783642,1,0,0,0,0,0,0,0,0.9346395991427326
AS17-134-20454,AS17,134,20454,1,0,,517.4794557045669,791.8719097342691,67.58446269132654,0.012635522959183673,0.0005082110969387755,0.4365084901147959,0.006332708864795918,44.0,183.0,235.0,0.3469387755102041,2.4059705166453,1,0,0,0,0,0,0,0,0.21858554665036764
AS17-134-20455,AS17,134,20455,1,0,,258.0096172215987,400.17290795460053,99.17925900829081,0.0022520727040816328,0.0007274394132653062,0.3116081393494898,0.004618742028061225,124.0,201.0,228.0,0.37244897959183676,-4.44738485009049,1,0,0,0,0,0,0,0,-0.5144816074938803
AS17-134-20456,AS17,134,20456,1,0,,260.50826414956595,442.8592451276173,90.71491350446429,0.003004424426020408,0.0006178252551020409,0.36806441326530615,0.00332828443877551,107.0,200.0,224.0,0.42346938775510207,-5.609274446445807,1,0,0,0,0,0,0,0,-0.40561728932344904
AS17-134-20457,AS17,134,20457,1,0,,251.2350178229615,413.8840055522397,105.04143913424745,0.0016392299107142857,0.0005978954081632653,0.2760532924107143,0.005286391900510204,133.0,198.0,232.0,0.40816326530612246,23.362058770571025,1,0,0,0,0,0,0,1,-0.4782966751139712
AS17-134-20458,AS17,134,20458,1,0,,249.85403373406757,408.72932668021406,103.23205815529337,0.0011160714285714285,0.00046336894132653064,0.32008828922193877,0.003791653380102041,137.0,199.0,227.0,0.40816326530612246,,0,0,0,0,0,0,0,0,-0.4917577826809532
AS17-134-20459,AS17,134,20459,1,0,,382.7278801261609,756.7129976652107,85.02655652104592,0.0033332669005102043,0.001988002232142857,0.44844646843112246,0.010991310586734694,69.0,195.0,242.0,0.5,-0.6295986084102668,1,0,0,0,0,0,0,0,0.16980526723994402
AS17-134-20460,AS17,134,20460,1,0,,430.83293034520466,777.282201513096,58.94378288424745,0.008729272959183673,0.0007124920280612245,0.47742446588010207,0.003946109693877551,35.0,154.0,225.0,0.4489795918367347,,0,0,0,0,0,0,0,0,0.19861165165453504
AS17-134-20461,AS17,134,20461,1,0,,330.47617540554126,923.1610251631056,20.624441964285715,0.25069754464285715,0.0010413345025510204,0.8668835698341837,0.007100007971938775,6.0,123.0,237.0,0.6428571428571429,,0,0,1,0,0,0,1,0,-1.616645261946985
AS17-134-20462,AS17,134,20462,1,0,,512.4286012466825,885.8612926852703,65.0791314572704,0.014040577168367346,9.466677295918367e-05,0.5434420838647959,0.001748844068877551,15.0,199.0,232.0,0.42346938775510207,2.9545798240596866,1,0,0,0,0,0,0,0,0.3390558742624827
AS17-134-20463,AS17,134,20463,1,0,,437.45117101615693,792.9019177204461,44.16890545280612,0.024125079719387755,0.00020926339285714285,0.7011320153061225,0.0032336176658163264,9.0,226.0,236.0,0.4489795918367347,0.44414443311192825,1,0,0,0,0,0,0,0,0.2199817304761116
AS17-134-20464,AS17,134,20464,1,0,,356.70240418864313,969.8044932087263,30.515186543367346,0.21381238042091838,0.000204280931122449,0.8421755420918368,0.0032236527423469387,6.0,216.0,234.0,0.6326530612244898,-16.220193695602788,1,0,1,0,0,0,1,1,-1.5637026592902705
AS17-134-20465,AS17,134,20465,1,0,,195.66478442301704,491.12686838514315,24.779366629464285,0.1937878667091837,0.0013153698979591836,0.8145976163903061,0.008669483418367346,6.0,157.0,239.0,0.6020408163265306,,0,0,1,0,0,0,1,0,-2.294502514233295
AS17-134-20466,AS17,134,20466,1,0,,200.59919019670897,383.8077572793605,45.85020727040816,0.06106006855867347,0.0004982461734693878,0.66015625,0.01105110012755102,9.0,200.0,241.0,0.47959183673469385,,0,0,0,0,0,0,0,0,-0.5593300109913246
AS17-134-20467,AS17,134,20467,1,0,,510.1367062159947,644.7655730558112,61.55130939094388,0.04636180644132653,0.0008370535714285714,0.3864048549107143,0.006362603635204082,54.0,156.0,233.0,0.20918367346938777,0.5729386976834859,1,0,0,0,0,0,0,0,-0.0021530244730319425
AS17-134-20468,AS17,134,20468,1,0,,383.6720580775655,548.3696167968878,43.28939632493623,0.025460379464285716,0.00020926339285714285,0.49171914859693877,0.0023417570153061226,26.0,126.0,223.0,0.3010204081632653,4.714754518704946,1,0,0,0,0,0,0,0,-0.17608763859920346
AS17-134-20469,AS17,134,20469,1,0,,201.849872271253,309.3332247578268,57.55394511320153,0.0015694754464285715,1.992984693877551e-05,0.2567761479591837,0.0005630181760204082,39.0,139.0,184.0,0.3520408163265306,1.8087393224920654,1,0,0,0,0,0,0,0,-0.7910348454516847
AS17-134-20470,AS17,134,20470,1,0,,446.0139422307209,726.2728451980485,26.499128069196427,0.01707489636479592,1.4947385204081632e-05,0.7824009486607143,0.00019431600765306122,10.0,129.0,154.0,0.3877551020408163,-6.203447901691836,1,0,1,0,0,0,1,0,-1.8742948823263412
AS17-134-20471,AS17,134,20471,1,0,,292.10308534748503,828.5344371855747,32.2399752869898,0.12431242028061225,0.0011509486607142857,0.8204719387755102,0.011160714285714286,6.0,202.0,242.0,0.6479591836734694,8.914926957147866,1,0,1,0,0,0,1,0,-1.7328026392117613
AS17-134-20472,AS17,134,20472,1,0,,827.6740374989879,926.7751741404941,99.39862185108419,0.003049266581632653,0.0020577566964285715,0.264957350127551,0.02147441007653061,106.0,221.0,246.0,0.10714285714285714,,0,0,0,0,0,0,0,0,0.38755154596429536
AS17-134-20473,AS17,134,20473,1,0,,404.80901688905817,880.6636216900672,41.459985849808675,0.036675900829081634,0.0006875797193877551,0.7289142219387755,0.005764708227040816,6.0,186.0,231.0,0.5408163265306123,,0,0,0,0,0,0,0,0,0.3327352567257588
AS17-134-20474,AS17,134,20474,1,0,,943.8305328091897,1347.6470074284991,66.3594048947704,0.043536750637755105,0.0009815449617346938,0.5194664779974489,0.007393973214285714,21.0,201.0,237.0,0.3010204081632653,-20.556045219583467,1,0,0,0,0,0,0,1,0.7896942312642005
AS17-134-20475,AS17,134,20475,1,0,,1021.7754622602006,1429.5587942337017,64.45679707429846,0.05479711415816327,0.0007971938775510204,0.5212452168367347,0.006352638711734694,20.0,194.0,235.0,0.2857142857142857,16.74197038529311,1,0,0,0,0,0,0,1,0.8530715053638385
AS17-134-20476,AS17,134,20476,1,0,,1024.2890675269232,1201.7011040751815,92.08685925542092,0.010029695471938776,0.0007374043367346938,0.3231724330357143,0.00834064094387755,94.0,206.0,239.0,0.14795918367346939,-11.633633998940438,1,0,0,0,0,0,0,1,0.6665803197682264
AS17-134-20477,AS17,134,20477,1,0,,1020.1021160846052,1225.5654118284956,88.89937918526786,0.006796077806122449,0.0005381058673469387,0.3410744180484694,0.00681102519132653,82.0,205.0,237.0,0.1683673469387755,-5.826342029555775,1,0,0,0,0,0,0,0,0.6877013262509085
AS17-134-20478,AS17,134,20478,1,0,,925.4429441909401,1176.124803449758,67.16358418367346,0.05670539700255102,0.002067721619897959,0.4697813695790816,0.009043168048469387,35.0,191.0,239.0,0.21428571428571427,-2.03091423685311,1,0,0,0,0,0,0,0,0.6434733145473409
AS17-134-20479,AS17,134,20479,1,0,,887.208866450028,1022.297537876083,68.03187280771684,0.055320272640306124,0.0022470902423469387,0.4496322943239796,0.010224011479591837,41.0,193.0,241.0,0.1326530612244898,-4.214178522734044,1,0,0,0,0,0,0,0,0.4929160510331864
AS17-134-20480,AS17,134,20480,1,0,,736.5803507946025,935.6251961278119,42.29898258131377,0.0027453364158163264,0.0007174744897959184,0.5114646444515306,0.0035574776785714285,24.0,144.0,221.0,0.21428571428571427,-1.6971561896002842,1,0,0,0,0,0,0,0,0.39775961994707876
AS17-134-20481,AS17,134,20481,1,0,,733.6076574658961,839.4993310709632,73.14519889987245,0.0015943877551020409,0.0007971938775510204,0.13194056919642858,0.00503726881377551,60.0,172.0,231.0,0.12755102040816327,-1.9091524329963763,1,0,0,0,0,0,0,0,0.2813186741327388
AS17-134-20482,AS17,134,20482,1,0,,516.0522958356507,534.5817386834854,122.16275709502551,0.000647720025510204,0.00029894770408163266,0.02843490911989796,0.002406529017857143,119.0,198.0,227.0,0.03571428571428571,0.0,1,0,0,0,0,0,0,0,-0.20343914142643563
AS17-134-20483,AS17,134,20483,1,0,,517.067168310626,524.8733272728892,135.17123724489795,0.0003338249362244898,0.00021424585459183673,0.012102399553571428,0.002032844387755102,133.0,201.0,226.0,0.015306122448979591,0.0,1,0,0,0,0,0,0,0,-0.22312466754058133
AS17-134-20484,AS17,134,20484,1,0,,352.23519094791675,375.8726381131415,167.91619499362244,0.0001096141581632653,0.0010363520408163266,0.021673708545918366,0.01070232780612245,169.0,225.0,241.0,0.0663265306122449,,0,0,0,1,0,0,1,0,-2.581769221309629
AS17-134-20485,AS17,134,20485,1,0,,125.59336586246287,155.1248435572838,193.33851841517858,1.992984693877551e-05,9.964923469387754e-06,0.01493243781887755,0.00018933354591836734,196.0,223.0,230.0,0.20408163265306123,0.0,1,0,0,1,0,0,1,0,-3.5323573562904294
AS17-134-20486,AS17,134,20486,1,0,,286.87568597662505,306.1533205352775,134.58244479432398,0.00023915816326530612,0.0,0.0231136399872449,0.0,135.0,192.0,211.0,0.0663265306122449,0.0,1,0,0,0,0,0,0,0,-0.8021334551672934
AS17-134-20487,AS17,134,20487,1,0,,449.51563443416654,468.3422384829529,110.55476223692602,0.0003985969387755102,6.477200255102041e-05,0.023965640943877552,0.0010064572704081632,107.0,190.0,221.0,0.04081632653061224,0.0,1,0,0,0,0,0,0,0,-0.3455250312221824
AS17-134-20488,AS17,134,20488,1,0,,558.6431353361048,597.750390940915,61.883265904017854,0.0011559311224489796,8.470184948979592e-05,0.16172074298469388,0.0006327726403061224,48.0,155.0,202.0,0.0663265306122449,0.0,1,0,0,0,0,0,0,0,-0.08347591059017974
AS17-134-20489,AS17,134,20489,1,0,,634.8451972466269,753.3182862614053,91.51381138392857,0.0024264588647959183,0.000448421556122449,0.27755301339285715,0.00397102200255102,105.0,186.0,228.0,0.15816326530612246,0.0,1,0,0,0,0,0,0,0,0.16497593720788384
AS17-134-20490,AS17,134,20490,1,0,,1052.2491510009727,1102.347099874702,87.50926239636479,0.0036770567602040817,0.0006228077168367347,0.2514797911352041,0.005625199298469388,87.0,194.0,234.0,0.04591836734693878,-3.1798301198642345,1,0,0,0,0,0,0,0,0.573890410800305
AS17-134-20491,AS17,134,20491,1,0,,565.0611011726515,675.4073348241511,78.10230986926021,0.002605827487244898,0.00045340401785714287,0.1673309948979592,0.006696428571428571,77.0,195.0,238.0,0.1683673469387755,0.0,1,0,0,0,0,0,0,0,0.047715918350939135
AS17-134-20492,AS17,134,20492,1,0,,1265.3430531863767,1265.3430531863767,89.76141481983419,0.0019232302295918368,0.0006327726403061224,0.08420360331632654,0.00408561862244898,89.0,176.0,228.0,0.0,1.2453642667683475,1,0,0,0,0,0,0,0,0.7220086957364841
AS17-134-20493,AS17,134,20493,1,0,,1067.7575689779874,1089.9830155980824,84.14675342793367,0.002889827806122449,0.00016442123724489795,0.12034638073979592,0.0009217554209183673,87.0,155.0,200.0,0.02040816326530612,0.0,1,0,0,0,0,0,0,0,0.5617752313568509
AS17-134-20494,AS17,134,20494,1,0,,1221.637064444403,1221.637064444403,88.06781628667092,0.003054249043367347,0.0001544563137755102,0.09911112882653061,0.0008370535714285714,90.0,159.0,203.0,0.0,1.921955958931432,1,0,0,0,0,0,0,0,0.6842529901033657
AS17-134-20495,AS17,134,20495,1,0,,1146.3288459424077,1146.3288459424077,103.37451670121173,0.0021773357780612247,0.0008569834183673469,0.060546875,0.002760283801020408,109.0,161.0,195.0,0.0,-1.1344216309770068,1,0,0,0,0,0,0,0,0.6159117821657594
AS17-134-20496,AS17,134,20496,1,0,,675.4292980030596,688.9998100182403,100.64049047353316,0.002481265943877551,0.0005032286352040816,0.06417908960459184,0.0018235809948979591,108.0,149.0,174.0,0.02040816326530612,-3.0127875041833403,1,0,0,0,0,0,0,0,0.0691171206141928
AS17-134-20497,AS17,134,20497,1,0,,345.31692517114055,427.8831774593913,148.5470045440051,0.00045838647959183676,0.0010463169642857143,0.04751773756377551,0.002117546237244898,160.0,190.0,198.0,0.20918367346938777,,0,0,0,0,0,0,0,0,-0.4425677756033735
AS17-134-20498,AS17,134,20498,1,0,,354.2259589546127,369.01382656235563,86.97928790656887,0.002406529017857143,0.00018933354591836734,0.11896623883928571,0.02320830676020408,80.0,236.0,243.0,0.04081632653061224,2.7006293373952883,1,0,0,0,0,0,0,0,-0.6015498596085571
AS17-134-20499,AS17,134,20499,1,0,,312.0170725509059,358.0981587896177,120.70219327965562,0.0007075095663265306,0.00012456154336734694,0.07114955357142858,0.00914779974489796,127.0,180.0,240.0,0.1377551020408163,4.351077951573885,1,0,0,0,0,0,0,0,-0.6338014306052684
AS17-134-20500,AS17,134,20500,1,0,,258.2616104457042,333.7949201522827,113.4954609773597,0.000204280931122449,0.000323860012755102,0.18281648596938777,0.005136918048469388,132.0,184.0,238.0,0.23469387755102042,,0,0,0,0,0,0,0,0,-0.7092885952551045
AS17-134-20501,AS17,134,20501,1,0,,544.0601647252689,576.3636641128574,71.60969387755102,0.002197265625,0.0006078603316326531,0.16322046396683673,0.002366669323979592,74.0,131.0,195.0,0.05612244897959184,0.0,1,0,0,0,0,0,0,0,-0.12260964685927993
AS17-134-20502,AS17,134,20502,1,0,,413.61285084257617,454.8066000538995,51.42314054528061,0.007648078762755102,0.00432975924744898,0.3238500478316326,0.009989835778061224,49.0,107.0,240.0,0.09183673469387756,13.412357641868418,1,0,0,0,0,0,0,1,-0.37702480119208065
AS17-134-20503,AS17,134,20503,1,0,,561.012972535391,597.5628581921128,74.82567362882654,0.004205197704081632,0.00014947385204081633,0.18679747289540816,0.0011061065051020409,81.0,142.0,182.0,0.061224489795918366,0.0,1,0,0,0,0,0,0,0,-0.08381293753947634
AS17-134-20504,AS17,134,20504,1,0,,703.3096325592862,769.6828560676026,91.14188058035714,0.0019431600765306123,0.0001793686224489796,0.14725665656887754,0.0007174744897959184,100.0,157.0,190.0,0.08673469387755102,13.069317896282177,1,0,0,0,0,0,0,1,0.18805883443959676
AS17-134-20505,AS17,134,20505,1,0,,759.0287298911911,874.9705356731216,87.06631158322705,0.0021474410076530613,0.0009765625,0.21479890784438777,0.004434390943877551,96.0,168.0,218.0,0.1326530612244898,6.17992424918311,1,0,0,0,0,0,0,0,0.3257692404364797
AS17-134-20506,AS17,134,20506,1,0,,477.8879953620087,577.5112489133942,132.66438137755102,0.0003637197066326531,9.466677295918367e-05,0.06838926977040816,0.001345264668367347,157.0,214.0,229.0,0.17346938775510204,-2.2906100426385296,1,0,0,0,0,0,0,0,-0.1204731835489161
AS17-134-20507,AS17,134,20507,1,0,,394.2265952545769,470.5716617249223,142.32214106345663,9.466677295918367e-05,4.982461734693877e-06,0.08258928571428571,0.00016442123724489795,171.0,214.0,225.0,0.16326530612244897,-4.170436524842112,1,0,0,0,0,0,0,0,-0.34042424864990356
AS17-134-20508,AS17,134,20508,1,0,,671.5793532183001,832.9816467310445,110.74471360809949,0.00018933354591836734,9.466677295918367e-05,0.23625338807397958,0.000652702487244898,131.0,185.0,202.0,0.19387755102040816,-5.440332031005506,1,0,0,0,0,0,0,0,0.27294716848923695
AS17-134-20509,AS17,134,20509,1,0,,699.0427453943661,861.4893498541242,112.18332469706633,0.00018435108418367346,0.00012456154336734694,0.23060825892857142,0.0007822464923469387,132.0,187.0,204.0,0.18877551020408162,-0.6030911943805325,1,0,0,0,0,0,0,0,0.30909134275237404
AS17-134-20510,AS17,134,20510,1,0,,642.6427060994492,817.8232738837803,108.63551797672194,0.00020926339285714285,0.00013452646683673468,0.2549376195790816,0.0007772640306122449,130.0,186.0,202.0,0.21428571428571427,1.827968244305005,1,0,0,0,0,0,0,0,0.2532212026574527
AS17-134-20511,AS17,134,20511,1,0,,753.7344432280045,858.7659291413553,117.1856764190051,0.00026407047193877553,0.00013950892857142856,0.15851203762755103,0.0007423867984693878,132.0,181.0,196.0,0.12244897959183673,-11.96205139766623,1,0,0,0,0,0,0,1,0.30569046172506925
AS17-134-20512,AS17,134,20512,1,0,,620.4956281634729,759.9690945875273,110.21628368144133,0.00023915816326530612,0.00011957908163265306,0.22758390465561223,0.0006875797193877551,128.0,186.0,202.0,0.1836734693877551,-5.284000141977304,1,0,0,0,0,0,0,0,0.17441709067248787
AS17-134-20513,AS17,134,20513,1,0,,778.623793134884,820.4588323688629,118.45319475446429,0.00034877232142857144,0.00012456154336734694,0.10892657844387756,0.0008420360331632653,129.0,183.0,201.0,0.05102040816326531,-4.1446237411042945,1,0,0,0,0,0,0,0,0.2566770423178926
AS17-134-20514,AS17,134,20514,1,0,,7.458430828203116,67.257265625,56.673459422831634,0.0,0.0,0.0,0.0,57.0,62.0,74.0,0.9489795918367347,,0,0,0,0,1,1,1,0,-3.9299769825425748
AS17-134-20515,AS17,134,20515,1,0,,356.21615311005667,784.196682870388,56.53558474170919,9.964923469387754e-06,0.014897560586734694,0.44362344547193877,0.029047751913265307,26.0,200.0,252.0,0.5510204081632653,-6.911227119024681,1,0,0,0,0,0,0,0,0.20812417142882114
AS17-134-20516,AS17,134,20516,1,0,,65.06446800781558,309.38201907873156,27.553621253188776,4.48421556122449e-05,0.00038364955357142856,0.7618781887755102,0.0012057557397959183,22.0,52.0,156.0,0.7959183673469388,,0,0,1,0,1,0,1,0,-2.790865432073598
AS17-134-20517,AS17,134,20517,1,0,,91.19965696821407,159.71888832078042,44.202218191964285,0.0029197225765306123,0.0009516501913265306,0.6318608498086735,0.00943180006377551,13.0,173.0,239.0,0.4336734693877551,,0,0,0,0,0,0,0,0,-1.5010100493977931
AS17-134-20518,AS17,134,20518,1,0,,101.28445379915757,214.1407288142774,32.805639150191325,0.0011658960459183674,0.0019232302295918368,0.7035983338647959,0.004534040178571429,11.0,137.0,219.0,0.5306122448979592,-16.001022853845996,1,0,0,0,0,0,0,1,-1.1860684695641464
AS17-134-20519,AS17,134,20519,1,0,,52.32589246302235,201.3637586360931,20.594522281568878,0.00014449139030612245,8.470184948979592e-05,0.8666643415178571,0.000408561862244898,14.0,50.0,128.0,0.7448979591836735,,0,0,1,0,1,0,1,0,-3.2521466913023156
AS17-134-20520,AS17,134,20520,1,0,,27.900256094337742,177.70575150298166,30.652597855548468,0.0,7.473692602040816e-05,0.019576092155612245,0.0003338249362244898,28.0,40.0,74.0,0.8520408163265306,,0,0,0,0,1,1,1,0,-2.8863902237275205
AS17-134-20521,AS17,134,20521,1,0,,44.141735892328605,100.46176069266242,22.493647361288264,0.21620396205357142,0.00023915816326530612,0.760124362244898,0.001096141581632653,7.0,98.0,180.0,0.5663265306122449,,0,0,1,0,1,0,1,0,-3.998997519096511
AS17-134-20522,AS17,134,20522,1,0,,85.055704670293,182.99354057017666,27.652393574617346,0.003288424744897959,0.0003089126275510204,0.7331094547193877,0.0014897560586734694,8.0,116.0,203.0,0.5408163265306123,,0,0,0,0,0,0,0,0,-1.3548961248525522
AS17-134-20523,AS17,134,20523,1,0,,128.6517635965685,199.87459487298585,39.396165497448976,0.003248565051020408,0.0018883529974489796,0.6645806760204082,0.00393116230867347,13.0,152.0,214.0,0.3622448979591837,,0,0,0,0,0,0,0,0,-1.260119498350688
AS17-134-20524,AS17,134,20524,1,0,,226.7595155278825,301.85263998978803,58.38095404177296,0.00461375956632653,0.003168845663265306,0.5260233976403061,0.026696029974489797,21.0,209.0,249.0,0.25,0.0,1,0,0,0,0,0,0,0,-0.8173286345123637
AS17-134-20525,AS17,134,20525,1,0,,70.94042727531169,134.9588188120529,33.73222755899235,0.00018435108418367346,0.00020926339285714285,0.7117645886479592,0.0009865274234693877,16.0,135.0,202.0,0.4846938775510204,,0,0,0,0,0,0,0,0,-1.6819352270552423
AS17-134-20526,AS17,134,20526,1,0,,5.5718610821689785,53.749478452345905,19.919936822385203,0.0,4.982461734693877e-06,0.9396922831632653,6.477200255102041e-05,18.0,28.0,71.0,0.9132653061224489,,0,0,1,0,1,1,1,0,-6.1707775956859
AS17-134-20527,AS17,134,20527,1,0,,21.519461495436413,414.0968511581421,11.298813177614797,8.96843112244898e-05,0.00014449139030612245,0.9838618064413265,0.006825972576530612,8.0,12.0,128.0,0.9489795918367347,,0,1,0,0,0,0,1,0,-3.4777444531932846
AS17-134-20528,AS17,134,20528,1,0,,24.929318797732332,301.3763378736708,13.124217753507653,0.00012954400510204082,0.00011459661989795919,0.9677186304209183,0.010707310267857142,8.0,18.0,242.0,0.923469387755102,,0,0,1,0,1,1,1,0,-4.319024805556234
AS17-134-20529,AS17,134,20529,1,0,,39.8353445367831,94.96688622865821,32.31765684789541,4.48421556122449e-05,0.001584422831632653,0.7339514907525511,0.01784717793367347,12.0,128.0,250.0,0.5867346938775511,,0,0,0,0,1,0,1,0,-2.0594137008882982
AS17-134-20530,AS17,134,20530,1,0,,191.3829649654541,365.7383481691728,44.84839863679847,0.00031887755102040814,0.0014748086734693877,0.6406997369260204,0.016581632653061226,14.0,169.0,250.0,0.47959183673469385,-7.614711942031021,1,0,0,0,0,0,0,0,-0.6111263411372426
AS17-134-20531,AS17,134,20531,1,0,,185.1102878005492,439.4368673024753,30.366933394451532,0.0005281409438775511,0.0007922114158163265,0.7520378268494898,0.009999800701530613,11.0,123.0,240.0,0.5816326530612245,-11.121460194890352,1,0,1,0,0,0,1,1,-2.4139499751079647
AS17-134-20532,AS17,134,20532,1,0,,42.632319212431504,301.12630864393236,15.952696508290817,0.00019431600765306122,0.008031728316326531,0.9503198740433674,0.010522959183673469,12.0,24.0,245.0,0.8622448979591837,-0.4774537773095774,1,0,1,0,1,1,1,0,-4.319916263970599
AS17-148-22727,AS17,148,22727,0,1,"Blue Marble (in flight, out-of-sample)",262.8177260363266,952.3288329399826,31.375333824936224,0.0010363520408163266,9.964923469387754e-06,0.7981853874362245,8.96843112244898e-05,10.0,154.0,194.0,0.7244897959183674,-3.7313969991604465,1,0,1,0,0,0,1,0,-1.5832339656004215
